0.4640271067619324,0.8153499960899353,0.451048731803894,0.7562706470489502,0.4464519917964935,0.7086238265037537,0.4462158679962158,0.6829856038093567,0.444404661655426,0.6621995568275452,0.4626152813434601,0.7067705988883972,0.4869278967380523,0.6704294681549072,0.5092701315879822,0.6594975590705872,0.5322936773300171,0.6538585424423218,0.4754549562931061,0.7418128252029419,0.5112285614013672,0.7189739942550659,0.5419989824295044,0.7102002501487732,0.5698016881942749,0.7061384916305542,0.4868712723255157,0.7818707227706909,0.5261968970298767,0.7639753222465515,0.5577311515808105,0.7553820013999939,0.5824099779129028,0.7483171820640564,0.4993492662906647,0.8238593339920044,0.5298817157745361,0.8165630102157593,0.5568282604217529,0.8073589205741882,0.5783037543296814,0.7979940176010132,손 펼치기
0.7954148054122925,1.0048580169677734,0.7408725619316101,0.9676727652549744,0.6654058694839478,0.9354140758514404,0.6007699966430664,0.93746680021286,0.5531934499740601,0.9526543021202089,0.6563969254493713,0.8581990003585815,0.5569387078285217,0.8870642781257629,0.512886643409729,0.950556755065918,0.4907158613204956,0.9988267421722412,0.6880618929862976,0.8796342015266418,0.5742422342300415,0.9351360201835632,0.5355944037437439,1.018690586090088,0.5249613523483276,1.0732033252716064,0.7141857147216797,0.9221579432487488,0.6063418984413147,0.9811395406723022,0.5786378979682922,1.0563462972640991,0.5781870484352112,1.1003963947296145,0.73553067445755,0.975281059741974,0.6546328663825989,1.0269180536270142,0.6258375644683838,1.0735681056976318,0.6194348931312561,1.104196310043335,손 펼치기
0.8113528490066528,1.0117052793502808,0.7691938877105713,0.9511674642562866,0.7093783617019653,0.90339857339859,0.6485034227371216,0.8963348865509033,0.5954888463020325,0.912596583366394,0.6863638162612915,0.8375474214553833,0.5856449604034424,0.8531369566917419,0.5334984064102173,0.9040085673332214,0.5083441138267517,0.95066100358963,0.7063706517219543,0.8594875335693359,0.5841931104660034,0.9007333517074584,0.5503031015396118,0.9765537977218628,0.5446640849113464,1.0229101181030271,0.7236049175262451,0.9050928950309752,0.6066705584526062,0.952659010887146,0.5882994532585144,1.0211236476898191,0.5969939231872559,1.0554755926132202,0.7361626625061035,0.963519811630249,0.6477029919624329,1.0035109519958496,0.6349779963493347,1.0463272333145142,0.6454269886016846,1.064619541168213,손 펼치기
0.8171037435531616,0.9991941452026368,0.7741327285766602,0.9298525452613832,0.7214197516441345,0.8790430426597595,0.6674848198890686,0.8560867309570312,0.6187442541122437,0.8603924512863159,0.6993536353111267,0.8167740106582642,0.6067079305648804,0.8155613541603088,0.5583846569061279,0.8535483479499817,0.5311369895935059,0.8925085663795471,0.7142711877822876,0.8395518660545349,0.5961495637893677,0.8694109916687012,0.5642374157905579,0.9415871500968932,0.5592925548553467,0.988435447216034,0.7266242504119873,0.8829324245452881,0.612515926361084,0.917086124420166,0.5939000844955444,0.979926586151123,0.6007741093635559,1.0160396099090576,0.73741614818573,0.9370147585868835,0.6469271183013916,0.9674092531204224,0.6283819079399109,1.0009466409683228,0.631714403629303,1.0175045728683472,손 펼치기
0.8571512699127197,0.9665337204933168,0.8159820437431335,0.8857365846633911,0.7626549005508423,0.8353320360183716,0.7059139013290405,0.8219643831253052,0.6600303649902344,0.8321604132652283,0.7498123645782471,0.773868203163147,0.6649937629699707,0.7428051829338074,0.6154711246490479,0.7521041631698608,0.582364559173584,0.7720279693603516,0.7494140863418579,0.7974192500114441,0.6365103721618652,0.8076592683792114,0.603056788444519,0.867732584476471,0.5969403982162476,0.9174560904502868,0.7457019090652466,0.8397790789604187,0.6382133364677429,0.8613352179527283,0.6192751526832581,0.9198546409606934,0.6245495676994324,0.9613118767738342,0.7418168783187866,0.8936384320259094,0.6570358276367188,0.921756148338318,0.6446981430053711,0.958077311515808,0.6519742012023926,0.9840191602706908,손 펼치기
0.8698678016662598,0.9594534635543824,0.828043520450592,0.8731770515441895,0.7757881283760071,0.8206993937492371,0.7218151092529297,0.801637589931488,0.6776200532913208,0.809162974357605,0.757224440574646,0.7671941518783569,0.6756937503814697,0.7334227561950684,0.6285193562507629,0.7392515540122986,0.5960520505905151,0.7545958757400513,0.7546802759170532,0.7905850410461426,0.6433125138282776,0.8020179867744446,0.6105360388755798,0.859729528427124,0.6053087711334229,0.9068283438682556,0.7498517632484436,0.8315262794494629,0.6452947854995728,0.8519564867019653,0.6251680254936218,0.9050958156585692,0.6294059157371521,0.9437052011489868,0.745559811592102,0.8819990754127502,0.664574384689331,0.906999170780182,0.6523125767707825,0.9413427114486694,0.658511221408844,0.9668871760368348,손 펼치기
0.8787024021148682,0.9557312726974488,0.8348972201347351,0.8691334128379822,0.781514585018158,0.8172157406806946,0.7280213236808777,0.8000819087028503,0.6849563717842102,0.809053897857666,0.7639359831809998,0.7637531757354736,0.6816781163215637,0.727912962436676,0.6355240345001221,0.7330992221832275,0.603090226650238,0.744739294052124,0.7609132528305054,0.786616861820221,0.6485426425933838,0.7943446636199951,0.6167451739311218,0.8528801798820496,0.6129199266433716,0.8995686173439026,0.7558572888374329,0.8271623849868774,0.6499589681625366,0.844883143901825,0.6323460936546326,0.900040864944458,0.6394674777984619,0.9381000995635986,0.7514806985855103,0.87715744972229,0.6687345504760742,0.897254467010498,0.657673716545105,0.9319137334823608,0.6659448742866516,0.9577319622039796,손 펼치기
0.8825317621231079,0.9524632692337036,0.8393375873565674,0.8637093305587769,0.7869549989700317,0.8125478625297546,0.733856737613678,0.7942257523536682,0.6906582117080688,0.8023393154144287,0.7663087248802185,0.7597836256027222,0.6846028566360474,0.7260916233062744,0.6398054957389832,0.7279489040374756,0.607874870300293,0.7358496189117432,0.7633346915245056,0.7832360863685608,0.650910496711731,0.7937495708465576,0.6205347180366516,0.8507562279701233,0.6175793409347534,0.8954567909240723,0.7590233087539673,0.824505627155304,0.652279257774353,0.8428467512130737,0.6349472999572754,0.8964554667472839,0.6426429748535156,0.932653546333313,0.7558377981185913,0.8753210306167603,0.6706364750862122,0.8937852382659912,0.657981812953949,0.9268450140953064,0.6653411984443665,0.9509573578834534,손 펼치기
0.8837565183639526,0.9539514780044556,0.8396954536437988,0.866474449634552,0.7864154577255249,0.8138434290885925,0.7331186532974243,0.7960112690925598,0.6898406147956848,0.8031406402587891,0.7668749690055847,0.7605801820755005,0.6876192092895508,0.7234982848167419,0.6428766250610352,0.7236199378967285,0.6109151840209961,0.7306436896324158,0.7629860043525696,0.7840499877929688,0.6519485712051392,0.7930571436882019,0.6231801509857178,0.8494139909744263,0.6211270093917847,0.8931639194488525,0.7584033608436584,0.8254910111427307,0.6526156663894653,0.8434634804725647,0.6371362805366516,0.8958872556686401,0.6457116603851318,0.9305248260498048,0.7553879618644714,0.876448929309845,0.6705803275108337,0.8940883874893188,0.6576426029205322,0.9261144995689392,0.6646238565444946,0.9496588706970216,손 펼치기
0.8839840888977051,0.95312762260437,0.8386511206626892,0.866230845451355,0.785116970539093,0.8137327432632446,0.7315618991851807,0.795490026473999,0.6879664659500122,0.8013274669647217,0.7665538191795349,0.7617704272270203,0.6874545812606812,0.72458416223526,0.6429604887962341,0.7236687541007996,0.6107155084609985,0.728556752204895,0.7620449066162109,0.7844709753990173,0.6518455743789673,0.7933656573295593,0.621606707572937,0.8495690226554871,0.6184626817703247,0.8939745426177979,0.7568809986114502,0.8257964849472046,0.651710569858551,0.8448343276977539,0.6363505125045776,0.8979761004447937,0.6449400782585144,0.9332329034805298,0.7534198760986328,0.8770257234573364,0.6697068214416504,0.8967282772064209,0.6576813459396362,0.9296901822090148,0.6650885343551636,0.9538099765777588,손 펼치기
0.8832789659500122,0.9506927132606506,0.8389482498168945,0.86329185962677,0.7851620316505432,0.8126617074012756,0.7321774959564209,0.7965120673179626,0.6893988847732544,0.8050875067710876,0.7626110911369324,0.7645044326782227,0.68937748670578,0.718346357345581,0.6463759541511536,0.7100331783294678,0.6142189502716064,0.7096477150917053,0.7565043568611145,0.7877718806266785,0.65178382396698,0.7943413853645325,0.6190642714500427,0.8484500646591187,0.613335371017456,0.8909323811531067,0.7508648037910461,0.8300411105155945,0.6504496932029724,0.8466891646385193,0.6335367560386658,0.8977959156036377,0.640827476978302,0.9317530989646912,0.7474722862243652,0.8810422420501709,0.6669331789016724,0.8983120918273926,0.6539647579193115,0.92926424741745,0.6601474285125732,0.9510973691940308,손 펼치기
0.8818674087524414,0.9527642726898192,0.8397737741470337,0.862377405166626,0.7878854870796204,0.8112679719924927,0.7353891134262085,0.7947074174880981,0.6935509443283081,0.8029245734214783,0.7641778588294983,0.7640882730484009,0.6898865699768066,0.7129554748535156,0.6458649635314941,0.7044352889060974,0.612575352191925,0.7046960592269897,0.7581212520599365,0.7863239645957947,0.6522156000137329,0.7897127866744995,0.6188532710075378,0.8425612449645996,0.6147807240486145,0.885531485080719,0.7515891194343567,0.8287135362625122,0.6507492065429688,0.8479235172271729,0.6338340640068054,0.8989613652229309,0.642473042011261,0.9324826002120972,0.7467009425163269,0.88039630651474,0.6647287011146545,0.8957203030586243,0.652799665927887,0.9269083738327026,0.6605048775672913,0.9492597579956056,손 펼치기
0.8816239833831787,0.9512131810188292,0.840247392654419,0.8593234419822693,0.7886353135108948,0.8075718879699707,0.7363810539245605,0.7908642888069153,0.6941757798194885,0.8008221387863159,0.7650471329689026,0.7617620825767517,0.6925849318504333,0.7116000056266785,0.6476055979728699,0.7036452889442444,0.6139395833015442,0.7041686773300171,0.7582889795303345,0.7859042882919312,0.6518203020095825,0.7883555889129639,0.620725154876709,0.8436062335968018,0.6188110113143921,0.8867024779319763,0.7516618967056274,0.8290754556655884,0.6509428024291992,0.845375657081604,0.6335629820823669,0.895545244216919,0.6420466303825378,0.9284389019012452,0.7471599578857422,0.880821943283081,0.6660069227218628,0.8960981965065002,0.6528811454772949,0.92674458026886,0.6598734855651855,0.9484172463417052,손 펼치기
0.8830593824386597,0.9526706337928772,0.8434661030769348,0.8602321743965149,0.7912675738334656,0.8066765666007996,0.7391757965087891,0.7890111804008484,0.6971253156661987,0.7976908683776855,0.766272246837616,0.7611185312271118,0.6949663162231445,0.7110077738761902,0.6508230566978455,0.7016506791114807,0.6178523898124695,0.7002891302108765,0.758734941482544,0.7855545878410339,0.6535669565200806,0.7878448367118835,0.6221172213554382,0.8420549035072327,0.6199094653129578,0.8848194479942322,0.7515832781791687,0.8290998935699463,0.6522323489189148,0.8457876443862915,0.6354372501373291,0.8944205641746521,0.6441800594329834,0.9264401197433472,0.7470073103904724,0.8810551166534424,0.6669172048568726,0.895732581615448,0.653779149055481,0.9248560070991516,0.6605197787284851,0.9453696012496948,손 펼치기
0.8824037909507751,0.949739158153534,0.8413898944854736,0.859046995639801,0.7898902297019958,0.8078440427780151,0.7381084561347961,0.7911434769630432,0.6964521408081055,0.8007029294967651,0.7665078639984131,0.7625909447669983,0.6959251761436462,0.7129706144332886,0.652199387550354,0.7015965580940247,0.6189240217208862,0.6974546909332275,0.7603897452354431,0.7868028879165649,0.6573867201805115,0.7885046005249023,0.6240353584289551,0.8413329720497131,0.6193668842315674,0.8826199173927307,0.7539395093917847,0.8298125863075256,0.6560447812080383,0.845678985118866,0.6375977993011475,0.8941507339477539,0.6449127793312073,0.9263101816177368,0.7492164373397827,0.8811230063438416,0.6696367859840393,0.895237147808075,0.6560016870498657,0.924404501914978,0.661922812461853,0.945056974887848,손 펼치기
0.8835868239402771,0.9526858925819396,0.843695342540741,0.8615576028823853,0.7923431396484375,0.8088852167129517,0.7408732771873474,0.791663646697998,0.6990122199058533,0.8013390898704529,0.7679441571235657,0.7624571919441223,0.6960771083831787,0.7128862142562866,0.6512103080749512,0.7026304006576538,0.6171244382858276,0.7003040313720703,0.761229932308197,0.7862977385520935,0.6564555764198303,0.7892969846725464,0.6240906715393066,0.8445720672607422,0.6207446455955505,0.8873785138130188,0.7543922066688538,0.8296137452125549,0.655635416507721,0.8454381227493286,0.6392627358436584,0.8946599364280701,0.6481867432594299,0.92620187997818,0.7497722506523132,0.8815985321998596,0.6693709492683411,0.8939176201820374,0.6555847525596619,0.9230821132659912,0.6617745161056519,0.9432178735733032,손 펼치기
0.8843869566917419,0.952596127986908,0.8448362350463867,0.8613480925559998,0.7935819029808044,0.8093963265419006,0.7416968941688538,0.792743980884552,0.6996333599090576,0.8025780916213989,0.7692392468452454,0.7630437612533569,0.6954964399337769,0.7134672999382019,0.6506185531616211,0.7032563090324402,0.6165478825569153,0.7003825902938843,0.7620995044708252,0.7872120141983032,0.6580652594566345,0.7879666090011597,0.6245802044868469,0.841492235660553,0.6197286248207092,0.8830918073654175,0.7548945546150208,0.8302257061004639,0.6569462418556213,0.8445821404457092,0.6392401456832886,0.8940188884735107,0.6467216610908508,0.926056742668152,0.7499110698699951,0.8817143440246582,0.6701741814613342,0.8933975696563721,0.6568184494972229,0.923119306564331,0.6629148721694946,0.9436753988265992,손 펼치기
0.884989857673645,0.9515771865844728,0.8458596467971802,0.8592963218688965,0.7945622205734253,0.8067352771759033,0.7424517273902893,0.7902745008468628,0.7002112865447998,0.8004561066627502,0.770095705986023,0.7615265250205994,0.6968194842338562,0.7127466201782227,0.6517403721809387,0.7018059492111206,0.6173768639564514,0.6978521943092346,0.7629607319831848,0.7860594391822815,0.6586236357688904,0.7878758907318115,0.6260312795639038,0.8421151638031006,0.6225574016571045,0.8842345476150513,0.7557389140129089,0.8291929364204407,0.6574171185493469,0.8443654775619507,0.6399720907211304,0.8936614990234375,0.6482788324356079,0.9253495335578918,0.7507973313331604,0.8804959058761597,0.670814573764801,0.8926271200180054,0.6573649644851685,0.9219854474067688,0.6638514399528503,0.9421667456626892,손 펼치기
0.8825605511665344,0.952994704246521,0.8441711068153381,0.8591843247413635,0.7941803932189941,0.8054457902908325,0.7422978281974792,0.7876425385475159,0.6998527646064758,0.7967084050178528,0.7708091735839844,0.7603356242179871,0.698196291923523,0.7104314565658569,0.6531066298484802,0.7007306814193726,0.6184713840484619,0.698282778263092,0.764821469783783,0.7844295501708984,0.659670352935791,0.7861412763595581,0.62687748670578,0.8414602279663086,0.6234415769577026,0.8840542435646057,0.7579501867294312,0.8273653984069824,0.6582460403442383,0.8413934111595154,0.6408002376556396,0.8914796710014343,0.649516224861145,0.9229959845542908,0.7529019713401794,0.878501296043396,0.6710920333862305,0.8904538154602051,0.6579122543334961,0.9202401041984558,0.6653191447257996,0.9399434328079224,손 펼치기
0.884203314781189,0.9528589844703674,0.8469743728637695,0.8602484464645386,0.7960046529769897,0.8067418336868286,0.7435829043388367,0.7888442277908325,0.7014436721801758,0.7982746958732605,0.7735204696655273,0.7601401805877686,0.7004956007003784,0.711664080619812,0.6549220085144043,0.7027352452278137,0.6201629638671875,0.7017924785614014,0.76608806848526,0.784618079662323,0.663005530834198,0.7839990258216858,0.6287725567817688,0.8365313410758972,0.6227740049362183,0.8782428503036499,0.7582841515541077,0.8273756504058838,0.661202073097229,0.8394399881362915,0.6416051387786865,0.8873375654220581,0.6474696397781372,0.9196430444717408,0.7524845004081726,0.8782663345336914,0.6745254993438721,0.8900466561317444,0.6601287126541138,0.918710470199585,0.6651052236557007,0.938985288143158,손 펼치기
0.8833640813827515,0.949654221534729,0.8456931114196777,0.8566527366638184,0.795000433921814,0.803307831287384,0.7423263788223267,0.7863894701004028,0.6994767189025879,0.7956399917602539,0.7738395929336548,0.758229672908783,0.7002463936805725,0.7107483148574829,0.655542254447937,0.7020451426506042,0.6214146614074707,0.7007113099098206,0.7680211067199707,0.7822669148445129,0.6640530824661255,0.7831125259399414,0.6280684471130371,0.836266040802002,0.6206772923469543,0.8791852593421936,0.7610018849372864,0.8249079585075378,0.6622923612594604,0.8378075957298279,0.6421095728874207,0.8851813673973083,0.6476301550865173,0.9169248342514038,0.7553293108940125,0.8760251998901367,0.6755312085151672,0.8871135115623474,0.6603787541389465,0.9148776531219482,0.6648603677749634,0.9348890781402588,손 펼치기
0.9177602529525756,0.9249287247657776,0.8782563209533691,0.8369007706642151,0.8246152400970459,0.7816913723945618,0.7738251090049744,0.7633058428764343,0.7330262660980225,0.7703500390052795,0.8132785558700562,0.7289444208145142,0.729255199432373,0.6818162202835083,0.6779415607452393,0.6791875958442688,0.6422056555747986,0.6878021359443665,0.8090941309928894,0.752588152885437,0.6937040090560913,0.7369662523269653,0.6393176913261414,0.7745174765586853,0.6147916913032532,0.812961995601654,0.8023747205734253,0.7976099252700806,0.6875925660133362,0.7788956761360168,0.6430360674858093,0.8150600790977478,0.6271685361862183,0.8514242172241211,0.7944315075874329,0.8566126823425293,0.7032281160354614,0.8440819382667542,0.6671245694160461,0.8625571131706238,0.6513237357139587,0.8860706090927124,손 펼치기
0.9367665648460388,0.916763424873352,0.8525569438934326,0.8947538137435913,0.7922866344451904,0.845186710357666,0.7454655170440674,0.8121095299720764,0.7074275612831116,0.7973759174346924,0.8311669230461121,0.7114757299423218,0.7474978566169739,0.6596463322639465,0.6930321455001831,0.6568061709403992,0.6538189053535461,0.6658421754837036,0.83859783411026,0.7304738163948059,0.722702145576477,0.7031269669532776,0.6617799997329712,0.7359767556190491,0.625831663608551,0.7755911350250244,0.8348671793937683,0.7747979164123535,0.7209188342094421,0.7467491626739502,0.6622170209884644,0.769035279750824,0.6254284381866455,0.7980185151100159,0.8224566578865051,0.8378289341926575,0.7304310202598572,0.820611298084259,0.6829371452331543,0.8301559090614319,0.6492321491241455,0.8450432419776917,손 펼치기
0.96433424949646,0.8989379405975342,0.9108708500862122,0.8360642194747925,0.8517602682113647,0.7665313482284546,0.7977088689804077,0.7275439500808716,0.750700831413269,0.7253771424293518,0.8637446165084839,0.6830710768699646,0.776491105556488,0.6179510354995728,0.7122421264648438,0.6176989674568176,0.6680848002433777,0.6337116360664368,0.8694619536399841,0.7108968496322632,0.7562652826309204,0.6622028946876526,0.6851534247398376,0.6811350584030151,0.6409048438072205,0.7109598517417908,0.8643986582756042,0.7633903622627258,0.7514261603355408,0.7177351713180542,0.6820425987243652,0.7250751256942749,0.6352654695510864,0.7412203550338745,0.850182294845581,0.8335244655609131,0.7523727416992188,0.8018848896026611,0.6984497904777527,0.8012120127677917,0.6578077077865601,0.806710422039032,손 펼치기
1.0076911449432373,0.9094758629798888,0.9734395742416382,0.8228107690811157,0.9162155389785768,0.7395657896995544,0.8579000234603882,0.6923169493675232,0.807711660861969,0.6765668392181396,0.9194919466972352,0.6766443252563477,0.80855792760849,0.6185228824615479,0.7267085909843445,0.6313006281852722,0.6726862192153931,0.6584269404411316,0.9220129251480104,0.7072622179985046,0.7959478497505188,0.645405113697052,0.709991991519928,0.6655611991882324,0.6542953252792358,0.6957674026489258,0.9160911440849304,0.7622885704040527,0.7929134368896484,0.6969729661941528,0.7111871242523193,0.701386034488678,0.6558488011360168,0.7170568108558655,0.9004932641983032,0.8336835503578186,0.7929332256317139,0.7907955646514893,0.7262533903121948,0.7819783687591553,0.675311803817749,0.7803271412849426,손 펼치기
0.4702273905277252,1.143247365951538,0.3764314949512481,1.080836534500122,0.3056679964065552,0.9184831976890564,0.3023186326026916,0.7518774271011353,0.3272272944450378,0.6298631429672241,0.2575425207614898,0.8437973260879517,0.208611324429512,0.6044163703918457,0.186286449432373,0.4643276333808899,0.1700613647699356,0.3479015529155731,0.3204451203346252,0.8097690343856812,0.2615184485912323,0.5649392604827881,0.2229830771684646,0.4005663096904754,0.190887451171875,0.2587674260139465,0.4107562005519867,0.8177347779273987,0.3518160581588745,0.5750231146812439,0.3028075098991394,0.4150480031967163,0.263224184513092,0.2872688472270965,0.5185896754264832,0.8429229855537415,0.5543045997619629,0.6643568873405457,0.5615074038505554,0.5476099252700806,0.5668185949325562,0.4380367696285248,손 펼치기
0.450228750705719,1.1784226894378662,0.3286795914173126,1.130313515663147,0.2475692927837371,1.0180925130844116,0.2154795974493026,0.9347350001335144,0.2012113779783249,0.8848023414611816,0.2333480715751648,0.8312265872955322,0.1475257873535156,0.642569363117218,0.0917206704616546,0.5253744125366211,0.0416420102119445,0.4274967908859253,0.3305212259292602,0.7816371321678162,0.2792477011680603,0.530110239982605,0.2390755712985992,0.3682929873466491,0.1940975785255432,0.2289785146713256,0.4372167587280273,0.7891987562179565,0.4078551232814789,0.5386568307876587,0.3834984898567199,0.3798942267894745,0.3518102765083313,0.2418985366821289,0.5444766283035278,0.8342168927192688,0.5797181725502014,0.6390120983123779,0.5992151498794556,0.515106201171875,0.6079304218292236,0.4029431641101837,손 펼치기
0.4425736367702484,1.1723251342773438,0.3283248245716095,1.1318947076797483,0.2325853109359741,1.0462052822113037,0.1563864648342132,1.0018932819366455,0.0896110832691192,0.9826781749725342,0.2472563683986663,0.747715413570404,0.1687252521514892,0.5817354321479797,0.1149376332759857,0.4768393337726593,0.063846081495285,0.3822320997714996,0.339238703250885,0.7019233703613281,0.2919526100158691,0.4782655537128448,0.2572926580905914,0.3332889676094055,0.2217566519975662,0.1974537968635559,0.436032086610794,0.7213340997695923,0.4157828986644745,0.4847885966300964,0.3925781846046448,0.3351762294769287,0.3667356669902801,0.1933979988098144,0.5341378450393677,0.7841101288795471,0.568259596824646,0.5950169563293457,0.5879442691802979,0.4676724076271057,0.5985662341117859,0.3389268219470978,손 펼치기
0.4571587443351745,1.1756277084350586,0.3377429246902466,1.131775975227356,0.247639000415802,1.047131896018982,0.1903648823499679,1.0057413578033447,0.1374552547931671,0.996396780014038,0.2461012452840805,0.7463697791099548,0.1657598614692688,0.5825406312942505,0.1138395965099334,0.4812040627002716,0.0632179975509643,0.3894239962100982,0.3362315893173218,0.6962699294090271,0.2882115542888641,0.4706800878047943,0.2555179595947265,0.3232984542846679,0.2223289906978607,0.1880987882614135,0.431684672832489,0.7088764309883118,0.4084371030330658,0.4769997298717499,0.3898864090442657,0.3270556032657623,0.3679578304290771,0.1889960169792175,0.5279619693756104,0.7665076851844788,0.5619096159934998,0.5844914317131042,0.5857024192810059,0.460209310054779,0.6013286113739014,0.3372054994106293,손 펼치기
0.4430409967899322,1.1954312324523926,0.3308504819869995,1.1449027061462402,0.2412491738796234,1.0517104864120483,0.1779132336378097,1.00315523147583,0.1221898198127746,0.9850318431854248,0.2511534392833709,0.7383652925491333,0.1722596883773803,0.5737572908401489,0.119358479976654,0.4714519381523132,0.0684070289134979,0.3791723251342773,0.3412684202194214,0.6872363686561584,0.2964115440845489,0.4637164175510406,0.2663151323795318,0.3218770623207092,0.2353117018938064,0.1928288340568542,0.4358364939689636,0.7021463513374329,0.4164793789386749,0.4713917672634125,0.3965851366519928,0.3235714435577392,0.37213796377182,0.1870058178901672,0.5312831401824951,0.7646348476409912,0.5666632652282715,0.5791612863540649,0.5889759063720703,0.4539626538753509,0.6032321453094482,0.3300661444664001,손 펼치기
0.4616163969039917,1.1719515323638916,0.3454205393791199,1.1229428052902222,0.2470572590827942,1.044634461402893,0.1746813803911209,1.0074114799499512,0.1080179512500763,1.0036243200302124,0.2545861005783081,0.7257903814315796,0.1744444668292999,0.5612343549728394,0.1229252070188522,0.4646186530590057,0.0747671425342559,0.3775933980941772,0.3413649797439575,0.6759299039840698,0.2966724336147308,0.4482904970645904,0.2631043791770935,0.3072435259819031,0.2314577549695968,0.1816383600234985,0.4350220561027527,0.6889278888702393,0.4179031550884247,0.4601418375968933,0.3978456556797027,0.3179319202899933,0.3755237460136413,0.1871317625045776,0.5318118929862976,0.7472647428512573,0.567513644695282,0.5640296936035156,0.5879641771316528,0.4383726418018341,0.6013433933258057,0.3138620257377624,손 펼치기
0.4644266366958618,1.1721287965774536,0.3397857546806335,1.1206382513046265,0.2255678325891494,1.023659586906433,0.1204689145088195,0.9722205996513368,0.0284827649593353,0.956799328327179,0.2631013393402099,0.7208335399627686,0.1858350783586502,0.5546375513076782,0.1333734840154647,0.4523512721061706,0.0855046212673187,0.3598962128162384,0.3512171506881714,0.671870768070221,0.3101952075958252,0.4461485743522644,0.2802842259407043,0.3031434714794159,0.251821219921112,0.1765434145927429,0.4444325864315033,0.6845881938934326,0.4273757934570312,0.4583948254585266,0.4074743688106537,0.3175308406352997,0.3837567269802093,0.1861180663108825,0.5379533767700195,0.741627037525177,0.5733778476715088,0.5642350316047668,0.593782365322113,0.4412435293197632,0.605384349822998,0.3179404437541961,손 펼치기
0.4715775847434997,1.168681502342224,0.3341085314750671,1.1227418184280396,0.2157343029975891,1.015989065170288,0.1102360188961029,0.9427064657211304,0.016515702009201,0.9042308330535888,0.2657110691070556,0.7085047364234924,0.1916504651308059,0.5437723398208618,0.1419915556907653,0.4438143372535705,0.0985991954803466,0.348882794380188,0.3528507351875305,0.6613418459892273,0.3128007054328918,0.4380044639110565,0.2829622328281402,0.294083297252655,0.2542057335376739,0.1682955622673034,0.4446897804737091,0.6741182208061218,0.4285820722579956,0.452837735414505,0.4092452526092529,0.3159476220607757,0.3841946125030517,0.1861262917518615,0.536508321762085,0.7311676740646362,0.5732724666595459,0.5544537305831909,0.5958260297775269,0.4339368343353271,0.609289824962616,0.3138404786586761,손 펼치기
0.4691219329833984,1.1725783348083496,0.3361493647098541,1.119880437850952,0.2188115268945694,1.0055841207504272,0.1145931184291839,0.9286293983459472,0.0233885049819946,0.8814225196838379,0.2770682573318481,0.6989784240722656,0.2040862292051315,0.536343514919281,0.1526275724172592,0.4377322494983673,0.1077231615781784,0.3457335829734802,0.3606224358081817,0.6555413007736206,0.3218854665756225,0.4322823584079742,0.2914113104343414,0.2909113466739654,0.2611620128154754,0.1696274280548095,0.449352353811264,0.669654369354248,0.4346431195735931,0.4491212964057922,0.4173356890678406,0.3116101622581482,0.3926845788955688,0.1822217106819152,0.5385907888412476,0.7290120720863342,0.575006365776062,0.5550455451011658,0.5968717336654663,0.4372027516365051,0.6092569828033447,0.3218085467815399,손 펼치기
0.4600670933723449,1.149535059928894,0.3315683603286743,1.0902570486068726,0.2243709564208984,0.9776144623756408,0.1319745630025863,0.9000853896141052,0.0480132699012756,0.8482382893562317,0.283220112323761,0.687693178653717,0.2170023173093795,0.5328894853591919,0.1706306189298629,0.4402956366539001,0.1326212137937545,0.3548586368560791,0.3619559407234192,0.6452509164810181,0.3284400701522827,0.4365972578525543,0.3021000325679779,0.3085890114307403,0.279425173997879,0.1985321044921875,0.4428461194038391,0.6541463136672974,0.4322967827320099,0.4504427015781402,0.4196594953536987,0.327642023563385,0.4028254747390747,0.212631344795227,0.5219695568084717,0.7041275501251221,0.5554039478302002,0.5460823178291321,0.5774596929550171,0.43764129281044,0.5926832556724548,0.3292857110500335,손 펼치기
0.4567921161651611,1.132124900817871,0.3313758373260498,1.079065442085266,0.22616508603096,0.9719812273979188,0.1337977200746536,0.8944573402404785,0.049550324678421,0.8429261445999146,0.2766073346138,0.6850345730781555,0.2125717103481292,0.5312531590461731,0.1692425012588501,0.4391139149665832,0.133993461728096,0.3516805171966553,0.3547321856021881,0.6408671736717224,0.3231758773326874,0.4356730282306671,0.2968328595161438,0.3091005086898803,0.2733635008335113,0.1990922689437866,0.4353331625461578,0.6482976078987122,0.4267041683197021,0.447670578956604,0.4121535420417785,0.3235020637512207,0.3938418626785278,0.2055468559265136,0.5148915648460388,0.6973093152046204,0.5485309958457947,0.5419009923934937,0.5698124766349792,0.4344600737094879,0.5841056704521179,0.3264171183109283,손 펼치기
0.4547579288482666,1.119040846824646,0.3281413316726684,1.0668203830718994,0.2228322625160217,0.9659461379051208,0.1280619800090789,0.893409013748169,0.0469525754451751,0.8411478400230408,0.2730116546154022,0.6848235130310059,0.210137739777565,0.5334748029708862,0.1668967753648758,0.4416130781173706,0.1324089020490646,0.3535985052585602,0.3507841229438782,0.640131950378418,0.3191956579685211,0.4394074380397796,0.2922044694423675,0.3111816346645355,0.2687399089336395,0.1992866992950439,0.4310957193374634,0.6463488936424255,0.4220809638500213,0.4498376250267029,0.4087001085281372,0.3270570933818817,0.3916956186294555,0.2107797861099243,0.5107936263084412,0.6935439109802246,0.5423346161842346,0.5390782952308655,0.5626120567321777,0.4331954717636108,0.5764428973197937,0.3272611200809479,손 펼치기
0.4435302019119262,1.1060248613357544,0.3200636804103851,1.058391809463501,0.2176003903150558,0.9626363515853882,0.1249161511659622,0.892812192440033,0.0441779196262359,0.8396345376968384,0.267885684967041,0.67967689037323,0.2069771885871887,0.5317715406417847,0.1626941114664077,0.4433179795742035,0.1264355927705764,0.358525812625885,0.3446334302425384,0.6373476386070251,0.3140611946582794,0.4385205507278442,0.2878153622150421,0.3119475543498993,0.2652202844619751,0.2016800642013549,0.4240245819091797,0.6459253430366516,0.4149425625801086,0.451056569814682,0.4021108746528625,0.3295485377311706,0.3856428265571594,0.2138661742210388,0.5036550760269165,0.6940332651138306,0.5359029769897461,0.5389358997344971,0.5577551126480103,0.4344142079353332,0.5730565190315247,0.3301957547664642,손 펼치기
0.4437672197818756,1.1023272275924685,0.3210548758506775,1.058311104774475,0.2189421951770782,0.960349440574646,0.1256425976753235,0.8914015293121338,0.0432161390781402,0.8380502462387085,0.267389714717865,0.6767058372497559,0.2047180086374282,0.530702531337738,0.1598789542913437,0.44199138879776,0.1233341842889785,0.356781393289566,0.3431074619293213,0.6341241598129272,0.3119681477546692,0.4376081228256225,0.2851260304450989,0.3117546737194061,0.2605502605438232,0.2014721632003784,0.4212844967842102,0.6422891616821289,0.4114065766334533,0.4473856985569,0.3971381485462188,0.325821965932846,0.3781137764453888,0.2089167237281799,0.4988980293273926,0.6903497576713562,0.5320778489112854,0.5364440679550171,0.5545029640197754,0.4322535395622253,0.5693336725234985,0.32817342877388,손 펼치기
0.4426452815532684,1.102966547012329,0.3166137933731079,1.0617035627365112,0.2153249382972717,0.9639862775802612,0.124150276184082,0.8922682404518127,0.0412763953208923,0.8392563462257385,0.263372927904129,0.6762245297431946,0.2021330147981643,0.5298462510108948,0.1579396426677703,0.440705806016922,0.1215447187423706,0.3559200167655945,0.340563952922821,0.633884072303772,0.3097167909145355,0.4363788962364197,0.2824446856975555,0.3093917667865753,0.2574159502983093,0.1985031962394714,0.4199955463409424,0.6421580910682678,0.4098203182220459,0.4460842907428741,0.3952031433582306,0.3230300843715668,0.3753939270973205,0.2054716944694519,0.4994679093360901,0.6901777386665344,0.5327525734901428,0.5332359075546265,0.5548792481422424,0.4281715452671051,0.56913161277771,0.3238219618797302,손 펼치기
0.4411853849887848,1.1089816093444824,0.3140245079994201,1.0667108297348022,0.2120613753795623,0.9693261384963988,0.1212019175291061,0.8982948064804077,0.0377723276615142,0.8420676589012146,0.2620789408683777,0.6793013215065002,0.1996368914842605,0.5309510827064514,0.1554116010665893,0.4411048293113708,0.1185038089752197,0.3546235263347626,0.3397810757160187,0.6372442245483398,0.3076060712337494,0.4378072023391723,0.2794020175933838,0.3099310398101806,0.2525718510150909,0.1975526213645935,0.4192850589752197,0.6453507542610168,0.4080871343612671,0.4467727541923523,0.3934341669082641,0.3228279650211334,0.3729473054409027,0.2032493948936462,0.4983251690864563,0.6935422420501709,0.5324745178222656,0.5357528328895569,0.5555311441421509,0.4290922284126282,0.570149302482605,0.322238564491272,손 펼치기
0.443986177444458,1.1102230548858645,0.3173361420631408,1.0699715614318848,0.2126147150993347,0.972671926021576,0.1163665950298309,0.9028171300888062,0.0302575826644897,0.8540682792663574,0.259925365447998,0.6800084114074707,0.1967422366142273,0.5319664478302002,0.1519784331321716,0.4425583183765411,0.1139247268438339,0.3570201992988586,0.3386247456073761,0.636806845664978,0.3058983087539673,0.4350937902927398,0.2771255075931549,0.3069390058517456,0.2496694475412368,0.1945498585700988,0.4198647141456604,0.6457010507583618,0.4068122208118438,0.4458020627498626,0.3907338380813598,0.3216369152069092,0.3696973919868469,0.2032240033149719,0.5009126663208008,0.6951737999916077,0.5340259671211243,0.5346277952194214,0.5566443204879761,0.4273218512535095,0.5710219740867615,0.3216247260570526,손 펼치기
0.4435383081436157,1.1521196365356443,0.3113468885421753,1.118647813796997,0.1996918469667434,1.0205477476119995,0.1026133596897125,0.9480069875717164,0.0163755714893341,0.8968440890312195,0.2484155893325805,0.716496467590332,0.1803455054759979,0.560231626033783,0.1336434781551361,0.4641275107860565,0.0937309563159942,0.3778863251209259,0.3293391168117523,0.6707169413566589,0.2927869856357574,0.4606715440750122,0.2658228874206543,0.3263821005821228,0.241018921136856,0.2117348313331604,0.4137426018714905,0.6798287034034729,0.3999801874160766,0.4651128351688385,0.384341686964035,0.333196073770523,0.3644429743289947,0.2111822962760925,0.4977188110351562,0.7316609621047974,0.531921923160553,0.5608417391777039,0.5541682839393616,0.4476584196090698,0.5680661201477051,0.3356034755706787,손 펼치기
0.4487454295158386,1.1722053289413452,0.3175836503505707,1.1326225996017456,0.2036549746990203,1.0263803005218506,0.1009818464517593,0.9529826641082764,0.0079488456249237,0.9147722721099854,0.2452427148818969,0.7305015325546265,0.1758445352315902,0.5748726725578308,0.1285223960876464,0.477700799703598,0.0879359245300293,0.3898925483226776,0.3225828409194946,0.6847764849662781,0.2838447093963623,0.4756883680820465,0.2551512420177459,0.3398925065994262,0.228846862912178,0.2236827611923217,0.4057508409023285,0.6932094097137451,0.3890806436538696,0.4738352596759796,0.3689985573291778,0.3388347625732422,0.3450491428375244,0.2146638035774231,0.4911566972732544,0.7446425557136536,0.5299227237701416,0.5728418827056885,0.5537240505218506,0.4569027721881866,0.5696494579315186,0.3441697955131531,손 펼치기
0.4371419548988342,1.1906049251556396,0.3113740682601928,1.1488783359527588,0.1979893147945404,1.0366809368133545,0.0969891399145126,0.964867889881134,0.0081899464130401,0.9211101531982422,0.2422789633274078,0.7404110431671143,0.1730624437332153,0.5849975347518921,0.1243841052055358,0.4873811602592468,0.0814097970724105,0.4010200798511505,0.3188656866550445,0.6948198676109314,0.2822729349136352,0.4854221045970917,0.2548998296260834,0.35111865401268,0.229701355099678,0.2347965836524963,0.4009361863136291,0.7044313549995422,0.3849761188030243,0.4829225540161133,0.362895667552948,0.3472965657711029,0.3375010192394256,0.2209475636482238,0.4857045412063598,0.7571002244949341,0.5223333835601807,0.5808339715003967,0.5451825857162476,0.4639545381069183,0.5602434873580933,0.3501511812210083,손 펼치기
0.4262654483318329,1.2037019729614258,0.3136966824531555,1.1704113483428955,0.2002545297145843,1.0594385862350464,0.1024256348609924,0.9863221645355223,0.018934428691864,0.944350004196167,0.2368265390396118,0.7574219703674316,0.1692472696304321,0.6026122570037842,0.1282892078161239,0.5079089403152466,0.0923913717269897,0.4224300980567932,0.3139329254627228,0.702265202999115,0.2822148501873016,0.4923498034477234,0.2607787549495697,0.3646764755249023,0.241464078426361,0.254040777683258,0.3944536447525024,0.710972249507904,0.3796248137950897,0.4836319088935852,0.3533662557601928,0.3490009307861328,0.3271393775939941,0.224743366241455,0.4765669703483581,0.7664095759391785,0.509900689125061,0.5919212102890015,0.5306103229522705,0.4808887839317322,0.5427788496017456,0.3713086247444153,손 펼치기
0.4099767208099365,1.058797836303711,0.3140341937541961,1.0476510524749756,0.2247488498687744,0.9977986216545104,0.1468768864870071,0.9615700244903564,0.0839565694332122,0.9394160509109496,0.2311257123947143,0.744292140007019,0.162016361951828,0.6012284755706787,0.1175076514482498,0.5162947773933411,0.0784893631935119,0.4340905547142029,0.3113894164562225,0.7040557861328125,0.2679087519645691,0.5006840229034424,0.2360829710960388,0.3687270879745483,0.2062913477420807,0.244563490152359,0.3975943326950073,0.7184732556343079,0.3938575983047485,0.5032634735107422,0.3780738413333893,0.358971893787384,0.3603881597518921,0.2291333675384521,0.4848091900348663,0.7631097435951233,0.5174030661582947,0.5932039618492126,0.5329608917236328,0.479053795337677,0.5399863719940186,0.371728241443634,손 펼치기
0.4213735461235046,1.2092963457107544,0.3062283396720886,1.168581247329712,0.1970256865024566,1.0585747957229614,0.1022839397192001,0.9863982796669006,0.0230893492698669,0.9420647025108336,0.2313913851976394,0.7568480968475342,0.1587902456521988,0.6011271476745605,0.1098587661981582,0.5046194791793823,0.0667061060667038,0.4188677966594696,0.3096651434898376,0.7092493772506714,0.2716184258460998,0.4945421516895294,0.2409131675958633,0.3624793589115143,0.2124256789684295,0.2476029992103576,0.3911706805229187,0.7218330502510071,0.379449188709259,0.4980707466602325,0.3567824959754944,0.3582791090011596,0.3317510485649109,0.2294275760650634,0.4719907641410827,0.7800418138504028,0.5027148723602295,0.6075774431228638,0.5197437405586243,0.4914736747741699,0.5290448665618896,0.3769368827342987,손 펼치기
0.4119990468025207,1.2221308946609497,0.2956331670284271,1.1766148805618286,0.184921458363533,1.0566413402557373,0.0897416621446609,0.9780813455581664,0.004060536623001,0.9303284883499146,0.2272117435932159,0.7634119391441345,0.1576223373413086,0.6054108738899231,0.1107636541128158,0.5073294639587402,0.069518357515335,0.4192960560321808,0.3063941299915313,0.7173528671264648,0.2755895555019378,0.5007573366165161,0.2479604333639145,0.3661476075649261,0.2217014282941818,0.2487757802009582,0.3866891264915466,0.732522189617157,0.3726380169391632,0.5090185403823853,0.3451099097728729,0.3689536154270172,0.3169770240783691,0.2385067343711853,0.4660180807113647,0.7924374938011169,0.4893898367881775,0.6211414337158203,0.5007458329200745,0.5068656206130981,0.5054190158843994,0.3944055736064911,손 펼치기
0.4109962582588196,1.052596092224121,0.3126738667488098,1.0475459098815918,0.2197461724281311,1.0015404224395752,0.1426037549972534,0.9691588878631592,0.0834231078624725,0.9419530630111694,0.2248522341251373,0.7470340132713318,0.1540183871984481,0.5985785126686096,0.1060949563980102,0.5086639523506165,0.0662111341953277,0.4255761802196502,0.306211918592453,0.7085839509963989,0.2621726989746094,0.5018566250801086,0.2294663190841674,0.3692733645439148,0.2016708999872207,0.2451528310775756,0.3924147188663482,0.7232906222343445,0.3744176030158996,0.502586841583252,0.3534603118896484,0.3692227005958557,0.3346065580844879,0.2456609308719635,0.479150116443634,0.7700456380844116,0.4923484623432159,0.6078659296035767,0.4961581826210022,0.4989964365959167,0.496059387922287,0.3953222632408142,손 펼치기
0.4142712950706482,1.212480545043945,0.2981126308441162,1.1805487871170044,0.1798263043165207,1.0714830160140991,0.0887483358383178,0.9972636103630066,0.0066500306129455,0.9521678686141968,0.2229032516479492,0.7678999304771423,0.1579819321632385,0.6143134236335754,0.1191867589950561,0.5247855186462402,0.0830928534269332,0.4398718178272247,0.3027697503566742,0.7145602703094482,0.279731810092926,0.4979859888553619,0.2605595588684082,0.3675940632820129,0.2415841221809387,0.2526084780693054,0.3822550773620605,0.7279804944992065,0.3678119778633117,0.5058574676513672,0.3409241139888763,0.370941698551178,0.3137706220149994,0.2456161379814148,0.4625196456909179,0.7883331179618835,0.4777606129646301,0.6205324530601501,0.4807011783123016,0.516129732131958,0.4761600792407989,0.4119974076747894,손 펼치기
0.4054105877876282,1.2095489501953125,0.2905766069889068,1.17793869972229,0.1725188195705413,1.0700714588165283,0.0807281583547592,0.9904041290283204,-0.0001387298107147,0.9342342615127563,0.2146974503993988,0.7715435028076172,0.1440634727478027,0.614298403263092,0.0985535979270935,0.5210323333740234,0.0574957430362701,0.4352843165397644,0.2918031811714172,0.7187378406524658,0.2582933008670807,0.5057578086853027,0.2313435971736908,0.3777374029159546,0.2074877619743347,0.2657188177108764,0.3696906268596649,0.7295604944229126,0.3562419712543487,0.5124123692512512,0.3305322825908661,0.3758369088172912,0.3046016991138458,0.2509059906005859,0.4483972191810608,0.7845191359519958,0.4598367214202881,0.6165072917938232,0.4591517448425293,0.5092267394065857,0.4513832330703735,0.4038363695144653,손 펼치기
0.4099377989768982,1.0597541332244873,0.3008301258087158,1.048006296157837,0.2090511173009872,0.9956612586975098,0.15036341547966,0.9594624042510986,0.1092003434896469,0.9274725914001464,0.2175894081592559,0.7493162155151367,0.1402356922626495,0.6059743762016296,0.088618665933609,0.5114372372627258,0.0484599173069,0.4264580607414245,0.2997053265571594,0.7134936451911926,0.247611790895462,0.5086281895637512,0.2139037847518921,0.3797478079795837,0.1849506646394729,0.2599441707134247,0.3842507302761078,0.7241721153259277,0.3571630120277405,0.5067594051361084,0.3305144906044006,0.368924468755722,0.3079109191894531,0.2438894510269165,0.4681324660778045,0.7622513175010681,0.4698612689971924,0.6016122102737427,0.4657640159130096,0.491000771522522,0.4590307474136352,0.3870597183704376,손 펼치기
0.4029130935668945,1.2144900560379028,0.2778084576129913,1.1732091903686523,0.1663657426834106,1.0519241094589231,0.076913297176361,0.971844494342804,-0.0074367225170135,0.9203552007675172,0.2188829630613327,0.7598233222961426,0.1453181654214859,0.6085395216941833,0.0922186374664306,0.5157425403594971,0.0449172854423522,0.4324221611022949,0.2944543659687042,0.7192204594612122,0.2542167007923126,0.5042147636413574,0.2180014550685882,0.3732461035251617,0.1841925233602523,0.2619476318359375,0.3723649382591247,0.7354741096496582,0.3579550981521606,0.5111924409866333,0.3292126059532165,0.3729680180549621,0.2973992526531219,0.2508223056793213,0.4483293294906616,0.7939196228981018,0.4595603346824646,0.61672043800354,0.4560202360153198,0.4985485672950744,0.4452537894248962,0.3864761590957641,손 펼치기
0.4017559289932251,1.2141194343566897,0.279986172914505,1.1704155206680298,0.1700493842363357,1.0576406717300415,0.0801848769187927,0.9840726852416992,-0.0027854442596435,0.9393186569213868,0.2153338342905044,0.758729100227356,0.1423782408237457,0.6065695285797119,0.089246392250061,0.514468789100647,0.0417361259460449,0.4313165843486786,0.2901096045970917,0.7184830904006958,0.2488420754671096,0.5056797862052917,0.2156603038311004,0.3767173886299133,0.1856738924980163,0.2656704783439636,0.3681362569332123,0.7333155870437622,0.3494779765605926,0.5121479034423828,0.3219369053840637,0.3729832768440246,0.292896419763565,0.2466669082641601,0.4453446269035339,0.7890497446060181,0.4545429646968841,0.6145147681236267,0.4535391628742218,0.497561901807785,0.4474228024482727,0.3849611282348633,손 펼치기
0.3995901942253113,1.0444567203521729,0.2901358902454376,1.0290131568908691,0.2065935879945755,0.9701992273330688,0.1618499904870987,0.9343621730804444,0.1268722265958786,0.9145316481590272,0.2110474109649658,0.7495673298835754,0.1344914585351944,0.60874342918396,0.0833476781845092,0.5165449380874634,0.0410069227218627,0.4332560002803802,0.2941986620426178,0.7146459221839905,0.2410030663013458,0.5037523508071899,0.2094809412956237,0.3805042505264282,0.1804106831550598,0.2642283737659454,0.380772054195404,0.7247058153152466,0.3467479646205902,0.498830497264862,0.3171087801456451,0.3607285022735595,0.2915336489677429,0.2341410517692566,0.468509316444397,0.7603031396865845,0.4693963527679443,0.5947716236114502,0.4642294645309448,0.4845880270004272,0.4558719396591186,0.3797755837440491,손 펼치기
0.3963548243045807,1.2177062034606934,0.2744237780570984,1.1729309558868408,0.1650202572345733,1.057771921157837,0.0759367644786834,0.9847099781036376,-0.0050491094589233,0.9386894106864928,0.2117296159267425,0.7590065598487854,0.1402481645345688,0.6060197353363037,0.0875970870256424,0.5135277509689331,0.039918452501297,0.4316645264625549,0.2866100668907165,0.7187439203262329,0.2451590001583099,0.5043565630912781,0.212087482213974,0.3761026561260223,0.1815144568681717,0.2662441730499267,0.3648295402526855,0.7328002452850342,0.3442198038101196,0.509896993637085,0.316161036491394,0.3715755045413971,0.2863485813140869,0.24717777967453,0.4420160949230194,0.7886069416999817,0.4511449337005615,0.6127678751945496,0.4502729773521423,0.4957638382911682,0.4436625838279724,0.3836114704608917,손 펼치기
0.4002145528793335,1.2127666473388672,0.2789257764816284,1.1659996509552002,0.1678739637136459,1.058213472366333,0.0734547972679138,0.99571293592453,-0.0107013881206512,0.963311493396759,0.210319772362709,0.7562015652656555,0.1365638077259063,0.6057306528091431,0.0829051584005355,0.5152204632759094,0.0347523838281631,0.4346839785575866,0.2841342091560364,0.71797776222229,0.2413523197174072,0.5045028924942017,0.2075899243354797,0.375219464302063,0.1769143491983413,0.2636603713035583,0.3624703288078308,0.7329334020614624,0.3404987752437591,0.5107892751693726,0.3118363320827484,0.372463196516037,0.2817098796367645,0.2478861808776855,0.4410439133644104,0.787428617477417,0.45002281665802,0.610560953617096,0.44826340675354,0.4914091229438782,0.441150426864624,0.3771494925022125,손 펼치기
0.3703649044036865,1.0304620265960691,0.2711747586727142,0.9973292946815492,0.2044762969017028,0.9112472534179688,0.1888115406036377,0.8466539978981018,0.1982839852571487,0.7988374829292297,0.1931264251470565,0.7541285753250122,0.1141612231731414,0.6110435724258423,0.0627798438072204,0.5243719220161438,0.019736498594284,0.44288370013237,0.26821169257164,0.7162118554115295,0.2173084318637848,0.5032479763031006,0.1855990588665008,0.3772653043270111,0.1555125266313552,0.2636101543903351,0.3531829416751861,0.7207905650138855,0.3214989006519317,0.4935424327850342,0.296996921300888,0.3606897592544555,0.2751377820968628,0.2394521832466125,0.4405527114868164,0.7475828528404236,0.4457391500473022,0.5789458751678467,0.4426425695419311,0.4693492352962494,0.4354330003261566,0.362246036529541,손 펼치기
0.3924979269504547,1.1958280801773071,0.2730792462825775,1.1604516506195068,0.1645096987485885,1.0588020086288452,0.0805447846651077,0.9950900077819824,0.0070632696151733,0.9563955068588256,0.1961484253406524,0.7540388107299805,0.1227204799652099,0.6067699790000916,0.0726326406002044,0.5164732933044434,0.0273070931434631,0.4360084533691406,0.2704816162586212,0.7090722918510437,0.2306330800056457,0.4978204369544983,0.199873000383377,0.3719396591186523,0.1707573533058166,0.261949360370636,0.3481289148330688,0.7178635597229004,0.3238492906093597,0.5016632080078125,0.2939322590827942,0.3683260679244995,0.2625682055950165,0.247835636138916,0.4272520542144775,0.7677187919616699,0.4331887364387512,0.5936582684516907,0.4301377832889557,0.4790782928466797,0.4206998944282532,0.3682805299758911,손 펼치기
0.3866701126098633,1.1925709247589111,0.2812170386314392,1.1817173957824707,0.1790963113307953,1.098955750465393,0.1245376914739608,1.0368796586990356,0.0943171083927154,0.9960787892341614,0.1876283884048462,0.7731666564941406,0.1168272793292999,0.6204115152359009,0.0816345661878585,0.5313045978546143,0.0487467348575592,0.4446673393249511,0.266329675912857,0.710098147392273,0.2282259464263916,0.5052787065505981,0.2045816034078598,0.383906751871109,0.1824263781309127,0.2754057049751282,0.3457663357257843,0.71027672290802,0.3218404948711395,0.4964748322963714,0.2906166017055511,0.3644926249980926,0.2589509189128876,0.2471719980239868,0.4275469183921814,0.7514894008636475,0.426554799079895,0.5763850212097168,0.4176352024078369,0.4712849855422973,0.3999965786933899,0.3679841160774231,손 펼치기
0.3531109392642975,1.0170199871063232,0.254495620727539,0.9600600004196168,0.1916879564523697,0.8551934957504272,0.1799262017011642,0.7772150635719299,0.1957738548517227,0.7210510969161987,0.1800959706306457,0.7472993731498718,0.0981492549180984,0.6055095195770264,0.0472576022148132,0.5187391042709351,0.0088416039943695,0.4335713386535644,0.2536568641662597,0.712492823600769,0.1949687004089355,0.5087565183639526,0.1652354896068573,0.3833123445510864,0.1381026357412338,0.2713901102542877,0.3395988345146179,0.7162293195724487,0.3124640583992004,0.4975264072418213,0.2907056212425232,0.3695951402187347,0.2689467668533325,0.2574443221092224,0.4332131743431091,0.7384351491928101,0.4368125200271606,0.5793588161468506,0.4285830855369568,0.4723623096942901,0.4149298071861267,0.3695739209651947,손 펼치기
0.3834366202354431,1.186192274093628,0.2977403402328491,1.1835635900497437,0.2059188783168792,1.1098552942276,0.1606120020151138,1.0472320318222046,0.1455882638692855,0.9941803812980652,0.2036027014255523,0.7858855724334717,0.1535190641880035,0.6332854628562927,0.1351612210273742,0.5534104704856873,0.1144407093524932,0.465199738740921,0.2694506645202636,0.7129436135292053,0.2332527935504913,0.5088196396827698,0.2087108343839645,0.3888011574745178,0.1866149008274078,0.2774240374565124,0.3367666602134704,0.7065317034721375,0.3098052442073822,0.4904848933219909,0.2767803370952606,0.3586571514606476,0.2433137446641922,0.2418963313102722,0.4056969285011291,0.7436991930007935,0.3942723572254181,0.5724475383758545,0.3744520545005798,0.4662679433822632,0.347027838230133,0.3608618080615997,손 펼치기
0.3892332911491394,1.173979878425598,0.2789451777935028,1.1476600170135498,0.1915387213230133,1.060772180557251,0.1452789902687072,1.00363290309906,0.1115354150533676,0.9647341966629028,0.1846367716789245,0.7613409757614136,0.1077196300029754,0.6102813482284546,0.0542569756507873,0.5188906788825989,0.0049082040786743,0.435996264219284,0.2564890682697296,0.7142241597175598,0.2077962756156921,0.5087376832962036,0.1716360747814178,0.376265287399292,0.1378400325775146,0.2570124268531799,0.3318907022476196,0.7231267690658569,0.3025513589382171,0.507231593132019,0.277157187461853,0.3733240365982055,0.2490120232105255,0.2550382018089294,0.4088117778301239,0.771348237991333,0.4144603013992309,0.5954315662384033,0.4140702784061432,0.4782944619655609,0.4067639112472534,0.3667453229427337,손 펼치기
0.3413180708885193,1.0473942756652832,0.2426455020904541,0.9793034195899964,0.1958867311477661,0.8609009981155396,0.2075141966342926,0.7718544006347656,0.2386485934257507,0.7121658325195312,0.174926295876503,0.7554675340652466,0.089313730597496,0.6176400780677795,0.0315850377082824,0.5326927304267883,-0.0139066278934478,0.4542087912559509,0.2464034408330917,0.7260266542434692,0.1926278173923492,0.5106812715530396,0.1607947498559951,0.3795543313026428,0.1298861801624298,0.2665427625179291,0.3290497660636902,0.7310129404067993,0.3032087981700897,0.5024476051330566,0.279117614030838,0.3684927523136139,0.2543511986732483,0.2543421983718872,0.4163298606872558,0.7533679604530334,0.4243009090423584,0.5795668363571167,0.4226329326629638,0.4658620953559875,0.4136210680007934,0.360716313123703,손 펼치기
0.3811108469963074,1.1756982803344729,0.2748574316501617,1.1483319997787476,0.18159019947052,1.0600762367248535,0.1168646812438964,1.0068415403366089,0.0615163445472717,0.970234751701355,0.1804021745920181,0.7594043016433716,0.102798655629158,0.6088439226150513,0.0481702387332916,0.5151435136795044,-0.0023907721042633,0.4304905533790588,0.2524566948413849,0.7109893560409546,0.2042771279811859,0.5069925785064697,0.1690703332424163,0.3761296570301056,0.1351203024387359,0.2590306401252746,0.3274860680103302,0.7197220921516418,0.2999308109283447,0.505883514881134,0.2733864188194275,0.3709544241428375,0.2432496696710586,0.2506859302520752,0.4041231274604797,0.7687620520591736,0.4121017158031463,0.5936734676361084,0.4120192527770996,0.4766204357147217,0.4041755795478821,0.3657592236995697,손 펼치기
0.3532447218894958,1.177452564239502,0.2306289374828338,1.1348172426223757,0.1288521438837051,1.04390287399292,0.0551177859306335,0.9955589771270752,-0.0054472982883453,0.9637761116027832,0.1498133838176727,0.7511302828788757,0.0760220438241958,0.6083307862281799,0.02288718521595,0.5248012542724609,-0.0296301841735839,0.4524424970149994,0.2199680805206298,0.7079590559005737,0.1745683401823043,0.5031499862670898,0.1353594958782196,0.3729379177093506,0.0976736843585968,0.2592977881431579,0.2948901057243347,0.7170103788375854,0.2720150649547577,0.5013649463653564,0.2443250715732574,0.3679618537425995,0.2136816531419754,0.2526537775993347,0.3728504776954651,0.7640732526779175,0.382932960987091,0.5875808000564575,0.3806025981903076,0.4694036245346069,0.3711636960506439,0.3587725460529327,손 펼치기
0.3219171166419983,1.041859745979309,0.225075364112854,1.0205607414245603,0.1520249843597412,0.9587123394012452,0.1247389912605285,0.9192293882369996,0.1114944070577621,0.8996056318283081,0.1353788524866104,0.743314266204834,0.0581948012113571,0.6109723448753357,0.0058948695659637,0.5385887622833252,-0.0396503210067749,0.4696050584316253,0.2086894214153289,0.6960780024528503,0.1585468500852584,0.4964803457260132,0.1213322430849075,0.3732174336910248,0.0848581194877624,0.2629966139793396,0.2893324792385101,0.6975933909416199,0.2595925629138946,0.4901639223098755,0.2345740497112274,0.3587163090705871,0.2095538079738617,0.2424768507480621,0.3748696744441986,0.7288572788238525,0.3804974257946014,0.5594226121902466,0.3807986080646515,0.4493266344070434,0.3734329342842102,0.3487359881401062,손 펼치기
0.3512516617774963,1.1703816652297974,0.2312084138393402,1.1430909633636477,0.1224752962589263,1.0565850734710691,0.0413092076778411,1.003580927848816,-0.0272457897663116,0.9676080942153932,0.1413267254829406,0.749817967414856,0.0669357776641845,0.6010793447494507,0.0136143714189529,0.5164114236831665,-0.0379393249750137,0.4435859024524688,0.213600143790245,0.7033219337463379,0.1692676842212677,0.4967011213302612,0.1332208961248397,0.3703979849815368,0.0967851802706718,0.261207103729248,0.288653016090393,0.7080879211425781,0.2668434381484985,0.4966945648193359,0.2380872070789337,0.3617259263992309,0.2051042020320892,0.2449259161949157,0.3652902841567993,0.7508522868156433,0.3721562623977661,0.5744982957839966,0.3689975440502167,0.4570594727993011,0.3587464690208435,0.3484924733638763,손 펼치기
0.3351552188396454,1.1737996339797974,0.2151470333337783,1.144181251525879,0.1075515896081924,1.0590133666992188,0.0246342569589614,1.0085943937301636,-0.0440929383039474,0.9726617336273192,0.1288121342658996,0.7466594576835632,0.0568349063396453,0.5996570587158203,0.0039868354797363,0.5177581310272217,-0.0476785898208618,0.4476889669895172,0.200454905629158,0.7005096673965454,0.1567120552062988,0.4951282739639282,0.1209867000579834,0.3697061538696289,0.0856637731194496,0.2614630460739136,0.2762748003005981,0.7048982381820679,0.2541409730911255,0.4958286583423614,0.2244705557823181,0.36243337392807,0.1918905079364776,0.2470165491104126,0.3536686301231384,0.7478035688400269,0.3591017723083496,0.5696893334388733,0.3548587262630462,0.4510650038719177,0.3452817797660827,0.3411043882369995,손 펼치기
0.2929806113243103,1.0347141027450562,0.1875865459442138,0.967426598072052,0.1412633061408996,0.8541699051856995,0.1569655537605285,0.7654699683189392,0.1888310015201568,0.7057988047599792,0.1161138713359832,0.7451229095458984,0.0394524186849594,0.6135803461074829,-0.0130851864814758,0.5416851043701172,-0.0570054054260253,0.4806398153305053,0.1870331615209579,0.7019351720809937,0.1375618278980255,0.4949442744255066,0.0996141582727432,0.3641436398029327,0.0612843632698059,0.2533644437789917,0.2678050398826599,0.6999894380569458,0.240407258272171,0.4848458170890808,0.2161641716957092,0.3469997942447662,0.1903451681137085,0.231836199760437,0.352031409740448,0.7240712642669678,0.3563013672828674,0.5500893592834473,0.3536727726459503,0.4361124634742737,0.3435434401035309,0.3364351093769073,손 펼치기
0.3258852958679199,1.174088716506958,0.207135260105133,1.1413003206253052,0.1019628122448921,1.0502309799194336,0.0219034552574157,0.9966472387313844,-0.0455930233001709,0.9582443833351136,0.1208640858530998,0.742321789264679,0.0486087501049041,0.5950552225112915,-0.0044619292020797,0.5153921842575073,-0.0563315898180007,0.446230798959732,0.1920004040002823,0.6991158723831177,0.1472279727458953,0.4930879473686218,0.1107222363352775,0.3687850832939148,0.0739205256104469,0.2591410279273987,0.2675469219684601,0.7062239050865173,0.2434865236282348,0.4935653209686279,0.212828978896141,0.3606360852718353,0.179225280880928,0.2440600991249084,0.3451930284500122,0.7497692108154297,0.3484888076782226,0.5695397853851318,0.3428500294685364,0.449090301990509,0.3316298127174377,0.3367419242858886,손 펼치기
0.3266690969467163,1.1706840991973877,0.2043589353561401,1.1410332918167114,0.0983280912041664,1.0495812892913818,0.0224612653255462,0.989155113697052,-0.0416605472564697,0.941042184829712,0.1103666126728057,0.7426798343658447,0.0400737971067428,0.5934391021728516,-0.0130830556154251,0.5177227258682251,-0.065857857465744,0.4569542706012726,0.1819578260183334,0.6994695067405701,0.1403511613607406,0.4920163154602051,0.1047625541687011,0.3682108223438263,0.0670765116810798,0.2589486241340637,0.2577547430992126,0.7052974104881287,0.231411725282669,0.4940014481544494,0.1986603885889053,0.3613692224025726,0.1615374833345413,0.2441597580909729,0.3361122012138366,0.747904360294342,0.3357162773609161,0.5668519139289856,0.3276427388191223,0.4469172656536102,0.3127250671386719,0.3351556062698364,손 펼치기
0.2654100060462951,0.9795476198196412,0.1739311218261718,0.9173275232315063,0.1182748079299926,0.8162615299224854,0.1113914474844932,0.7336814403533936,0.1249149441719055,0.6641486883163452,0.1059315428137779,0.7154223918914795,0.0599503070116043,0.5511956214904785,0.0268191844224929,0.4473631381988525,0.0028319209814071,0.3638470768928528,0.1676265448331833,0.6835178732872009,0.1152926832437515,0.4885677695274353,0.0799667984247207,0.3608530163764953,0.0443441122770309,0.2541865706443786,0.2437290847301483,0.6862620711326599,0.2152556031942367,0.4881114363670349,0.195640280842781,0.3578094840049743,0.1736914366483688,0.2498864233493805,0.3270258903503418,0.7086213827133179,0.3367038369178772,0.55504310131073,0.3305249214172363,0.44892218708992,0.3157853186130523,0.3559631407260895,손 펼치기
0.3224934339523315,1.1702604293823242,0.200222909450531,1.140854835510254,0.0882813706994056,1.053093194961548,0.0010866820812225,1.0044492483139038,-0.0710250586271286,0.9702720642089844,0.1022163406014442,0.7442646622657776,0.0315646529197692,0.5928518772125244,-0.0229773074388504,0.5161283612251282,-0.0754752308130264,0.4559255838394165,0.1739139109849929,0.6988463401794434,0.1292312741279602,0.4902042150497436,0.0919195637106895,0.3646302819252014,0.0533399879932403,0.2546972632408142,0.2501990795135498,0.7030298709869385,0.2228588759899139,0.4889088571071625,0.1900542080402374,0.355803906917572,0.1533353477716446,0.2388539314270019,0.3287186622619629,0.7454191446304321,0.3289127349853515,0.5648459196090698,0.3203694224357605,0.4442417621612549,0.3057202100753784,0.3321171700954437,손 펼치기
0.313959002494812,1.1794962882995603,0.1990414410829544,1.1496793031692505,0.0970345288515091,1.0609347820281982,0.0262613147497177,1.0068132877349854,-0.0322428047657012,0.9609566926956176,0.1033085286617279,0.7420669198036194,0.0325529426336288,0.5977068543434143,-0.0197867751121521,0.5277201533317566,-0.0711217671632766,0.469393640756607,0.1712021082639694,0.6972863674163818,0.1216541826725006,0.4911631047725677,0.0828285217285156,0.3667354881763458,0.0428534224629402,0.256528377532959,0.2450771480798721,0.704723060131073,0.2181081771850586,0.491498589515686,0.1858658343553543,0.3582406044006347,0.1502914428710937,0.2419286370277404,0.3227615356445312,0.750488817691803,0.3243966698646545,0.5697014331817627,0.3175210356712341,0.4496697187423706,0.3041419386863708,0.3380588591098785,손 펼치기
0.3311071991920471,1.1939705610275269,0.2405129373073578,1.186901569366455,0.137211874127388,1.1140615940093994,0.0633990615606308,1.051201105117798,0.0098790377378463,0.9879326224327089,0.1526525020599365,0.7623177170753479,0.1319094598293304,0.5827979445457458,0.1280040293931961,0.4841993153095245,0.1170903742313385,0.3829806447029114,0.193179577589035,0.7011426687240601,0.1573872417211532,0.4900281131267547,0.1249287277460098,0.3646929562091827,0.0948665812611579,0.2530495524406433,0.2415283620357513,0.6953307390213013,0.2109913825988769,0.4817394912242889,0.1715878546237945,0.3530569970607757,0.132118746638298,0.2426356077194214,0.2989082336425781,0.7313678860664368,0.2885688841342926,0.5536960363388062,0.2714282572269439,0.4444738626480102,0.2467794269323349,0.3438287079334259,손 펼치기
0.3406127989292145,0.9727009534835817,0.2328382134437561,0.9392558336257936,0.1473825424909591,0.8371896743774414,0.099800169467926,0.73725825548172,0.0792950093746185,0.6595242619514465,0.1513315886259079,0.7399311661720276,0.0762998163700103,0.5713311433792114,0.0285938084125518,0.4727614820003509,-0.0030988156795501,0.3879140615463257,0.2268727272748947,0.6987460851669312,0.1546864807605743,0.4935113787651062,0.1126291751861572,0.3628479838371277,0.0779189765453338,0.2457084953784942,0.3154448866844177,0.6983240246772766,0.2726384103298187,0.4926729798316955,0.2433540523052215,0.3695855140686035,0.2147910743951797,0.2607253789901733,0.4065710604190826,0.7181493043899536,0.4143622517585754,0.5634419918060303,0.4051549732685089,0.4521808326244354,0.3880783915519714,0.3480293452739715,손 펼치기
0.3521138727664947,1.222441554069519,0.2821612954139709,1.2071337699890137,0.1989826709032058,1.1144336462020874,0.1362496614456176,1.045923948287964,0.0909483283758163,0.996815264225006,0.2502358555793762,0.7762922048568726,0.2616551220417022,0.5903039574623108,0.2710889279842376,0.4781908392906189,0.2716604471206665,0.3661787211894989,0.2668465375900268,0.7127470374107361,0.2251873165369033,0.4899572134017944,0.1846160292625427,0.3575736582279205,0.1477937698364257,0.2419191002845764,0.2899976372718811,0.7128199338912964,0.2561269402503967,0.481728732585907,0.2099072486162185,0.3422918319702148,0.1647050827741623,0.2235544919967651,0.320137470960617,0.7574856281280518,0.3011743426322937,0.5711809992790222,0.2696790695190429,0.4575620293617248,0.2318560481071472,0.3506025671958923,손 펼치기
0.3859745562076568,1.216876983642578,0.2670195698738098,1.186568260192871,0.1636964678764343,1.0846407413482666,0.0976985245943069,1.0172628164291382,0.0333745777606964,0.9771395921707152,0.1623938083648681,0.7748583555221558,0.0757876634597778,0.6079317331314087,0.0186222940683364,0.5191498398780823,-0.0355695486068725,0.4432120323181152,0.2427088022232055,0.7274408936500549,0.1840276718139648,0.4993710517883301,0.1443489342927932,0.3573939800262451,0.1064877584576606,0.2291358113288879,0.3284479975700378,0.7382392883300781,0.285417377948761,0.5020058751106262,0.2493392676115036,0.358974814414978,0.2122715711593628,0.2305790185928344,0.4193121194839477,0.7865614891052246,0.418704628944397,0.5939925312995911,0.4114744067192077,0.467244029045105,0.3976003527641296,0.3470034897327423,손 펼치기
0.3828733563423157,1.016451358795166,0.2836266756057739,1.0115859508514404,0.1981026828289032,0.9561015963554382,0.1462961286306381,0.925085186958313,0.109190821647644,0.9032115936279296,0.1762127578258514,0.7496079206466675,0.0882382839918136,0.6023321747779846,0.0326326191425323,0.5209381580352783,-0.0152406096458435,0.4458892047405243,0.2583530247211456,0.7039870023727417,0.189827412366867,0.49280446767807,0.146350473165512,0.3527702689170837,0.1066628843545913,0.2204755544662475,0.3491732180118561,0.7084686160087585,0.3080499470233917,0.4872236251831054,0.2753179371356964,0.3511953353881836,0.2435486912727356,0.2263416945934295,0.4439918994903564,0.7415277361869812,0.4462940096855163,0.5713369846343994,0.4424918889999389,0.4559428691864013,0.4329297542572021,0.3481718301773071,손 펼치기
0.4029699563980102,1.2338829040527344,0.2833824753761291,1.2067291736602783,0.174961119890213,1.101802945137024,0.1084045469760894,1.0281680822372437,0.0493239164352417,0.9849542379379272,0.1710625141859054,0.7780822515487671,0.0858661234378814,0.6121230125427246,0.0263567566871643,0.5132322907447815,-0.0305356383323669,0.4277260899543762,0.2530262768268585,0.7242556214332581,0.1962343603372573,0.4986152946949005,0.1555811017751693,0.3553022444248199,0.1156402826309204,0.2284943461418151,0.3420033454895019,0.7332155704498291,0.299334853887558,0.4977003931999206,0.2649618089199066,0.3519070148468017,0.2284782230854034,0.2225164175033569,0.4357497096061706,0.7854937314987183,0.4401727318763733,0.592863917350769,0.4375717639923095,0.4662480652332306,0.4278399050235748,0.3467161059379577,손 펼치기
0.411478042602539,1.2497934103012085,0.2928081154823303,1.2170379161834717,0.1864024102687835,1.1127883195877075,0.1168173253536224,1.042036771774292,0.0536623746156692,1.0033948421478271,0.1839281320571899,0.7815701961517334,0.0955694317817688,0.6111760139465332,0.0344242304563522,0.5099023580551147,-0.0247626304626464,0.4214473962783813,0.2681722342967987,0.7273503541946411,0.2105873227119445,0.4964229464530945,0.1688166558742523,0.3513385355472564,0.1260360181331634,0.2214554548263549,0.3580200374126434,0.7373477220535278,0.3166280686855316,0.4999263882637024,0.2822229564189911,0.3517747819423675,0.2449051588773727,0.2188447117805481,0.4518701434135437,0.7910827398300171,0.4558870196342468,0.5937504768371582,0.4558393955230713,0.4649987518787384,0.4491598308086395,0.342898815870285,손 펼치기
0.4129661917686462,1.024053931236267,0.317071795463562,1.021553874015808,0.2247191071510315,0.9871382713317872,0.1492435932159423,0.9764914512634276,0.0897517949342727,0.9798802733421326,0.198707029223442,0.7516778111457825,0.1059844642877578,0.5976252555847168,0.045527696609497,0.501914918422699,-0.0100096464157104,0.4139780104160309,0.2853254079818725,0.7002968788146973,0.2185300886631012,0.4849832057952881,0.1756639182567596,0.3431665301322937,0.133466899394989,0.2110986113548278,0.3809142112731933,0.7032894492149353,0.3390258252620697,0.4810618460178375,0.308245837688446,0.3446352183818817,0.2750336825847626,0.220414936542511,0.4764735400676727,0.7410203218460083,0.4791678786277771,0.5742453336715698,0.4760860502719879,0.4599489569664001,0.4677704572677612,0.3482730388641357,손 펼치기
0.4196620583534241,1.2651952505111694,0.3015796244144439,1.2292836904525757,0.1947658061981201,1.124036192893982,0.124153271317482,1.0524824857711792,0.061808168888092,1.0124036073684692,0.1947532296180725,0.7829672694206238,0.1052968055009841,0.6097186803817749,0.0447709709405899,0.5033817887306213,-0.0121849775314331,0.4067310988903045,0.2809057533740997,0.7272836565971375,0.2242989242076873,0.4949904382228851,0.1838552355766296,0.3481526374816894,0.1435470283031463,0.2162781357765197,0.3718583881855011,0.7387527823448181,0.3338339626789093,0.5006332397460938,0.3000999391078949,0.3497976064682007,0.2639841735363006,0.2138633131980896,0.4656865894794464,0.7945696711540222,0.4714047908782959,0.5959977507591248,0.4700630605220794,0.4634541869163513,0.4624528288841247,0.3356447219848633,손 펼치기
0.4455612897872925,1.2375251054763794,0.3226374685764313,1.2140483856201172,0.2067064642906189,1.1282881498336792,0.1224499344825744,1.0731977224349976,0.0533934980630874,1.033242106437683,0.2205629497766494,0.7642320394515991,0.1320985257625579,0.5903945565223694,0.0737835764884948,0.4841036200523376,0.0173368453979492,0.3841956555843353,0.3090769052505493,0.7070056796073914,0.2550970315933227,0.462746649980545,0.2163845896720886,0.3096931874752044,0.1774739623069763,0.1710860729217529,0.401515394449234,0.7227948904037476,0.3764371275901794,0.4810302853584289,0.3473959863185882,0.3314646780490875,0.3138546347618103,0.193580150604248,0.4949045181274414,0.7888481616973877,0.5113340020179749,0.5906717777252197,0.5163933634757996,0.4574436843395233,0.5128807425498962,0.3263862431049347,손 펼치기
0.4389693439006805,1.2626655101776123,0.3228898048400879,1.2290796041488647,0.2157153189182281,1.1223716735839844,0.1408744752407074,1.052046775817871,0.0754092633724212,1.00878643989563,0.2285175621509552,0.7687353491783142,0.1392115354537964,0.5906130075454712,0.0814663469791412,0.4826596677303314,0.0275975167751312,0.3836917579174042,0.3185031116008758,0.7107125520706177,0.2641688883304596,0.4655156135559082,0.2252777218818664,0.3150860965251922,0.1861710846424102,0.1823489069938659,0.4112451076507568,0.724968433380127,0.3833843469619751,0.4766224026679992,0.3516148924827575,0.3254768252372741,0.3154582381248474,0.187599241733551,0.5044939517974854,0.7901464700698853,0.5226605534553528,0.5922447443008423,0.5293707251548767,0.4593909084796905,0.5269466638565063,0.3300258815288543,손 펼치기
0.4529255032539367,1.2734194993972778,0.3241013288497925,1.2240314483642578,0.2164608538150787,1.1043299436569214,0.1432782262563705,1.0213640928268433,0.0801927149295806,0.969665229320526,0.2336093783378601,0.7691355347633362,0.1451655179262161,0.5882567167282104,0.0850863754749298,0.479074090719223,0.0283259749412536,0.3784008026123047,0.323293536901474,0.7165184020996094,0.2667053937911987,0.4725044965744018,0.2249324321746826,0.3200897574424743,0.182474672794342,0.1817736029624939,0.4170819818973541,0.7311241626739502,0.3848689496517181,0.4804210364818573,0.35389444231987,0.3256692290306091,0.3178118467330932,0.1817156672477722,0.5126121044158936,0.793047308921814,0.5294721126556396,0.5938704013824463,0.5364857316017151,0.4561692774295807,0.535311222076416,0.3199082911014557,손 펼치기
0.4491274952888489,1.2614550590515137,0.3237862586975097,1.2218525409698486,0.2118403315544128,1.1112674474716189,0.1312731653451919,1.036914587020874,0.0629860162734985,0.98848956823349,0.2368916124105453,0.7666469812393188,0.1519969254732132,0.5891615748405457,0.0954406261444091,0.481193482875824,0.0426686406135559,0.3790371119976043,0.3266055583953857,0.7118158936500549,0.2736026346683502,0.4671100080013275,0.2342039942741394,0.3147823810577392,0.1953336298465728,0.1772445440292358,0.4193078279495239,0.7281268239021301,0.3902381360530853,0.4761951863765716,0.3582102954387665,0.3212316930294037,0.3225170969963074,0.1791401505470276,0.5132476687431335,0.7940686345100403,0.5316411256790161,0.5934557914733887,0.539091169834137,0.4566807746887207,0.5376275181770325,0.3225710093975067,손 펼치기
0.4577119350433349,1.2479876279830933,0.3274419009685516,1.201073169708252,0.2128228843212127,1.0892651081085205,0.1246882975101471,1.0111674070358276,0.0499718487262725,0.9625712633132936,0.2384454756975174,0.7593515515327454,0.1495309472084045,0.5862497687339783,0.0898015946149826,0.4793958961963653,0.0351312756538391,0.3777892291545868,0.3278418779373169,0.7054800391197205,0.275260329246521,0.462649405002594,0.2342146188020706,0.3089798390865326,0.1939877271652221,0.169171392917633,0.4215371012687683,0.7188045382499695,0.3951731026172638,0.4725600481033325,0.3674182891845703,0.3200981318950653,0.3349568247795105,0.1778680682182312,0.5163131952285767,0.7804147601127625,0.536540150642395,0.5851551294326782,0.5451774597167969,0.4488781690597534,0.5455735921859741,0.3128831088542938,손 펼치기
0.4573408961296081,1.248618483543396,0.3334035277366638,1.2089271545410156,0.2254037261009216,1.098503828048706,0.1498577296733856,1.0240390300750732,0.0867162644863128,0.976171612739563,0.2410027980804443,0.7563232779502869,0.1547906398773193,0.5821174383163452,0.0976192951202392,0.4747766554355621,0.0446353256702423,0.3739550411701202,0.3315011858940124,0.7014844417572021,0.2797157168388366,0.4587520062923431,0.2421914935111999,0.3066466450691223,0.2050087451934814,0.1690480709075927,0.4250833094120025,0.7168131470680237,0.3984144330024719,0.4722703397274017,0.368359237909317,0.3193672597408294,0.333715945482254,0.1766723394393921,0.5188561081886292,0.7817162871360779,0.539630651473999,0.5875910520553589,0.5481967926025391,0.4533582925796509,0.5480297803878784,0.3188464641571045,손 펼치기
0.4500409960746765,1.2478610277175903,0.3292625546455383,1.2038679122924805,0.2225341200828552,1.0936651229858398,0.1474092304706573,1.0217738151550293,0.0861696302890777,0.979695737361908,0.2391410171985626,0.7609850168228149,0.1537446528673172,0.5815665125846863,0.0972704887390136,0.4728270173072815,0.0452664494514465,0.3710379600524902,0.3290069997310638,0.7061580419540405,0.2742760777473449,0.4622926414012909,0.2371328771114349,0.3103372752666473,0.2006263732910156,0.1708008050918579,0.4238377213478088,0.7225291132926941,0.3940609693527221,0.4707961976528168,0.3661152422428131,0.3163770735263824,0.3333994746208191,0.1722484230995178,0.5205572843551636,0.7879640460014343,0.5403326153755188,0.5917458534240723,0.5489456057548523,0.4577746987342834,0.5482650995254517,0.3253146708011627,손 펼치기
0.4457257986068725,1.2557159662246704,0.3296214342117309,1.2177112102508545,0.2258593738079071,1.1105608940124512,0.1585225015878677,1.0376126766204834,0.1080704480409622,0.9882814884185792,0.2354556173086166,0.767505943775177,0.1509584933519363,0.5841456055641174,0.0971636027097702,0.4734008610248565,0.0481052994728088,0.3704367280006408,0.3276185393333435,0.7119260430335999,0.2744321227073669,0.4661193192005157,0.2383739650249481,0.3147941827774048,0.2023619264364242,0.1764754056930542,0.423132836818695,0.7293677926063538,0.3956559598445892,0.4748860001564026,0.367342472076416,0.31919065117836,0.334122747182846,0.1747786998748779,0.5197780132293701,0.7966985702514648,0.5390434861183167,0.5964811444282532,0.5486127734184265,0.4617797434329986,0.5481594204902649,0.3299975395202636,손 펼치기
0.4368859827518463,1.2573033571243286,0.3181341886520386,1.2030694484710691,0.2234104424715042,1.0841786861419678,0.1630474030971527,1.0021055936813354,0.1173028200864791,0.9468652606010436,0.2350885868072509,0.7594283819198608,0.1513809412717819,0.5796018242835999,0.0965026021003723,0.469851016998291,0.0460335314273834,0.366768330335617,0.326146125793457,0.7092945575714111,0.2725898921489715,0.4659963250160217,0.2343695759773254,0.3133730888366699,0.1951270699501037,0.1735383868217468,0.4208123385906219,0.7307842969894409,0.3956248164176941,0.4777734279632568,0.3683134019374847,0.3192248344421386,0.3347082138061523,0.1721275448799133,0.515546977519989,0.8019752502441406,0.5360711812973022,0.6011343002319336,0.5465161800384521,0.4624562263488769,0.5472674369812012,0.3259160816669464,손 펼치기
0.4415456652641296,1.2625868320465088,0.3219022750854492,1.2133708000183103,0.224256694316864,1.0880460739135742,0.1613753139972686,0.9985240697860718,0.1114236414432525,0.935794711112976,0.2350177764892578,0.7613999843597412,0.151091918349266,0.5789502263069153,0.097080186009407,0.4679095447063446,0.0480351150035858,0.3652681708335876,0.3260286450386047,0.7135049104690552,0.2744660377502441,0.4693711996078491,0.2373942136764526,0.3170398771762848,0.1999051868915558,0.1781279444694519,0.4203802347183227,0.7369841933250427,0.3919859826564789,0.4814217090606689,0.3615290224552154,0.318380206823349,0.3266602754592895,0.1653157472610473,0.5155346989631653,0.808692991733551,0.5348566770553589,0.6041067838668823,0.544248640537262,0.4642207026481628,0.5442882776260376,0.3247556984424591,손 펼치기
0.4419257342815399,1.2635763883590698,0.3182458877563476,1.2114434242248535,0.2200631499290466,1.0910829305648804,0.1534807831048965,1.0112333297729492,0.0977164953947067,0.9567443132400512,0.2368647456169128,0.7604673504829407,0.1531502306461334,0.5785489678382874,0.098169058561325,0.468043565750122,0.0479000508785247,0.3658863604068756,0.3275139331817627,0.7126725316047668,0.2722653746604919,0.4688310325145721,0.2324943542480468,0.3165804743766784,0.1930549591779709,0.1766475439071655,0.4220770895481109,0.7355902791023254,0.393436461687088,0.4783312380313873,0.3647893369197845,0.3177475929260254,0.3321011960506439,0.1676947474479675,0.5171563625335693,0.8085253238677979,0.5356806516647339,0.603635311126709,0.5454252362251282,0.4636015892028808,0.5464709997177124,0.3237892389297485,손 펼치기
0.4559397101402282,1.257215976715088,0.3220104277133941,1.202690839767456,0.205241709947586,1.0882803201675415,0.1115263998508453,1.0106769800186155,0.0319108366966247,0.960152506828308,0.2367735505104065,0.7610502243041992,0.1548404842615127,0.5772848129272461,0.0995765775442123,0.4660466611385345,0.0481355488300323,0.3632059693336487,0.3259347975254059,0.7135145664215088,0.2735562324523926,0.4682376384735107,0.2339459061622619,0.3141461312770843,0.1944199651479721,0.1723303198814392,0.4205636084079742,0.7339616417884827,0.3928646147251129,0.4795960485935211,0.3644785583019256,0.32045778632164,0.3320091366767883,0.1715586185455322,0.5169681310653687,0.802112340927124,0.5382787585258484,0.6009670495986938,0.5482039451599121,0.4611229300498962,0.5500501990318298,0.320948839187622,손 펼치기
0.4534786939620971,1.2577812671661377,0.3165847361087799,1.2093136310577393,0.1937560588121414,1.083739995956421,0.0941699594259262,0.9963753819465636,0.0066750645637512,0.9370550513267516,0.2414916753768921,0.7490556240081787,0.1576786488294601,0.5684210062026978,0.1010691076517105,0.458000123500824,0.0508474707603454,0.3557157218456268,0.3320491313934326,0.7015088796615601,0.2811233699321747,0.4547511637210846,0.2431871891021728,0.2999919950962066,0.20716193318367,0.1626682877540588,0.4265238344669342,0.7202709317207336,0.401907742023468,0.4705343544483185,0.3724862039089203,0.3139097094535827,0.3393169045448303,0.1694083213806152,0.5222725868225098,0.7883853912353516,0.5438243746757507,0.5898928642272949,0.5517895817756653,0.4525655806064605,0.5513389110565186,0.3173318803310394,손 펼치기
0.4667375087738037,1.234067678451538,0.3259662091732025,1.1616851091384888,0.2150782793760299,1.0209922790527344,0.131433218717575,0.9146194458007812,0.044164091348648,0.8337410688400269,0.2725437581539154,0.7146921157836914,0.1958920806646347,0.5270870327949524,0.1401426196098327,0.4144841730594635,0.0908148884773254,0.3070087432861328,0.3635654151439667,0.6802257299423218,0.3205362260341644,0.4259863793849945,0.2843565642833709,0.2646152973175049,0.2481919825077057,0.1214104890823364,0.4585303366184234,0.7084773778915405,0.4413440823554992,0.4556505978107452,0.4184168577194214,0.2993801534175873,0.3889468312263489,0.15054452419281,0.5549101829528809,0.7832391858100891,0.5823301076889038,0.590775191783905,0.5968514680862427,0.4586150348186493,0.6024389266967773,0.3262647092342376,손 펼치기
0.4808956086635589,1.2179282903671265,0.3368129432201385,1.1501619815826416,0.2227383702993393,1.00974702835083,0.1350233107805252,0.9062023758888244,0.0492570698261261,0.8214918375015259,0.2802903354167938,0.7071529626846313,0.2038825303316116,0.5133535861968994,0.1491618156433105,0.3994648456573486,0.1016681790351867,0.2906535863876343,0.374529629945755,0.6717821359634399,0.3325948119163513,0.4101454615592956,0.298374742269516,0.2483364343643188,0.2639665305614471,0.1018648743629455,0.4728223085403442,0.70047527551651,0.4551394581794739,0.4384435415267944,0.4361767172813415,0.2826205193996429,0.4105918109416961,0.1349940299987793,0.5718590617179871,0.776293933391571,0.5989828109741211,0.5782976150512695,0.6139965057373047,0.4453715980052948,0.6194314956665039,0.3124597668647766,손 펼치기
0.4871371388435364,1.2154532670974731,0.3421167731285095,1.1445729732513428,0.2295848727226257,1.0000228881835938,0.1418688148260116,0.8945995569229126,0.0563720166683197,0.8081673383712769,0.291365385055542,0.6954907178878784,0.2121691554784774,0.5064102411270142,0.1582379043102264,0.3903782665729522,0.1133517920970916,0.2779204249382019,0.3868556618690491,0.6592214107513428,0.3432938456535339,0.4026680588722229,0.3095437586307525,0.2377021312713623,0.2760346531867981,0.0879191160202026,0.4860821962356567,0.6903403401374817,0.4675521850585937,0.431725263595581,0.4482693374156952,0.2776090800762176,0.4224041402339935,0.1299065351486206,0.5849045515060425,0.7713673114776611,0.6145086288452148,0.5783964991569519,0.6314394474029541,0.4467416405677795,0.6380766034126282,0.3145124316215515,손 펼치기
0.4954360723495483,1.2107332944869995,0.3510419130325317,1.1419588327407837,0.2353265434503555,1.004778265953064,0.143307164311409,0.9014445543289183,0.0574969351291656,0.8139448165893555,0.2979355752468109,0.6899528503417969,0.2198418378829956,0.4971128106117248,0.1645812392234802,0.3801368772983551,0.1180463135242462,0.2676222622394562,0.3961012363433838,0.6548078656196594,0.3557711243629455,0.3936045467853546,0.3215615451335907,0.2299759984016418,0.2867645919322967,0.0819214582443237,0.4964849352836609,0.6887819766998291,0.480739563703537,0.4292812049388885,0.4626607298851013,0.2711255252361297,0.4380828440189361,0.119840919971466,0.5951095819473267,0.7733926177024841,0.6246048808097839,0.5778668522834778,0.6426994800567627,0.4446732401847839,0.6507878303527832,0.3111073970794678,손 펼치기
0.4892630875110626,1.2314746379852295,0.3495737612247467,1.1560301780700684,0.2383573800325393,1.0079244375228882,0.1486937701702118,0.8994119167327881,0.0612436234951019,0.8107731342315674,0.3052788972854614,0.6957554817199707,0.2260511815547943,0.4973694086074829,0.1700450330972671,0.3764069080352783,0.1233784854412078,0.2606192827224731,0.404387354850769,0.6626592874526978,0.3626433908939361,0.3968059718608856,0.327787309885025,0.2288594245910644,0.2930731177330017,0.0760407447814941,0.5044219493865967,0.698059618473053,0.4890493750572204,0.433292806148529,0.4709520041942596,0.2727540135383606,0.4466065764427185,0.1196920871734619,0.6021435856819153,0.7835796475410461,0.6335428953170776,0.5812374353408813,0.6545878052711487,0.4444585740566253,0.6648755073547363,0.3072218596935272,손 펼치기
0.5008423328399658,1.2451558113098145,0.3544356822967529,1.1630871295928955,0.2409081310033798,1.0120835304260254,0.1514215618371963,0.8982500433921814,0.0638549327850341,0.8046053647994995,0.311935156583786,0.6971803903579712,0.2323148250579834,0.4955125451087951,0.1748014092445373,0.3735243082046509,0.1272788643836975,0.255630761384964,0.4119842648506164,0.6654330492019653,0.3738256096839905,0.395940363407135,0.3399986326694488,0.2280129790306091,0.3063949346542358,0.074138343334198,0.5125259160995483,0.7006393074989319,0.4998901486396789,0.4319484233856201,0.4816894829273224,0.2662826776504516,0.4575217664241791,0.1089409589767456,0.6098352670669556,0.7851947546005249,0.6421626806259155,0.5796835422515869,0.6625736951828003,0.4413005709648132,0.6724066734313965,0.3022721409797668,손 펼치기
0.4990337491035461,1.2273200750350952,0.3590728342533111,1.1505550146102903,0.2531354129314422,0.9885449409484864,0.1761058866977691,0.8654329776763916,0.0933535099029541,0.7622298002243042,0.3246203362941742,0.6875066757202148,0.2512422204017639,0.4743018746376037,0.196725383400917,0.3482364118099212,0.1458914577960968,0.2253409624099731,0.4245871305465698,0.6587346792221069,0.3851421177387237,0.3606356084346771,0.3519635200500488,0.1601749658584594,0.3175609707832336,-0.0260698795318603,0.5242526531219482,0.7054763436317444,0.5201113224029541,0.4231346845626831,0.5106902122497559,0.2521956264972687,0.4922813773155212,0.0835389494895935,0.6242204904556274,0.8052412271499634,0.6704241633415222,0.602870523929596,0.7026933431625366,0.4621709287166595,0.723446249961853,0.3191634714603424,손 펼치기
0.4904675483703613,1.2472714185714722,0.3559735417366028,1.1515438556671145,0.2556077837944031,0.978096842765808,0.1809286922216415,0.8552785515785217,0.1025884747505188,0.7527481317520142,0.3277763724327087,0.6909666657447815,0.2552834451198578,0.4666440486907959,0.2020556479692459,0.3373105525970459,0.1516724228858947,0.2148543298244476,0.4310130774974823,0.6641427278518677,0.3924102783203125,0.3678838610649109,0.3593372702598572,0.1703845858573913,0.3234667778015136,-0.0113443136215209,0.532511830329895,0.7119013071060181,0.5253145694732666,0.4351845383644104,0.5119953751564026,0.2592897713184356,0.4887798726558685,0.0881420969963073,0.6325675845146179,0.8123914003372192,0.6816303133964539,0.6056440472602844,0.7150733470916748,0.466562807559967,0.7342839241027832,0.3246233463287353,손 펼치기
0.4823193848133087,1.2545804977416992,0.3491298854351043,1.1531040668487549,0.2533700466156006,0.9740729331970216,0.1826598495244979,0.8472642302513123,0.1068881750106811,0.7369917631149292,0.3293085992336273,0.6888288259506226,0.2552583217620849,0.4577968716621399,0.1993124634027481,0.32793790102005,0.1449262797832489,0.202325165271759,0.4309951364994049,0.6658357381820679,0.3931200802326202,0.3478670120239258,0.3609925508499145,0.1313602328300476,0.3286369740962982,-0.0686341524124145,0.5303807854652405,0.7210690975189209,0.5299719572067261,0.4289975762367248,0.5213669538497925,0.2489171624183654,0.5035378336906433,0.0756380558013916,0.6295724511146545,0.8315908908843994,0.6837432384490967,0.622979998588562,0.7185718417167664,0.48251473903656,0.738288938999176,0.3395571112632751,손 펼치기
0.4871001541614532,1.2742023468017578,0.3524476885795593,1.1669268608093262,0.2508845925331116,0.9810323119163512,0.1793588101863861,0.8486583232879639,0.1014532446861267,0.7347008585929871,0.3270981907844543,0.6859354972839355,0.2534186840057373,0.4498835206031799,0.1954510360956192,0.3166226744651794,0.1378932893276214,0.1920052170753479,0.4293156266212463,0.6632980108261108,0.393461525440216,0.3447394073009491,0.3644554018974304,0.1272220611572265,0.3338870108127594,-0.0738919377326965,0.5281838178634644,0.7184983491897583,0.5320488214492798,0.4279726147651672,0.5247818231582642,0.2453645765781402,0.5066853165626526,0.069275677204132,0.6267962455749512,0.8297885060310364,0.6816917657852173,0.6195764541625977,0.7177831530570984,0.478355348110199,0.7392034530639648,0.3349409401416778,손 펼치기
0.4828178286552429,1.2888039350509644,0.3493528962135315,1.173359751701355,0.252600610256195,0.9833382368087769,0.1832489967346191,0.8475100994110107,0.1023942232131958,0.7368907928466797,0.3257173299789428,0.6860582232475281,0.2514680922031402,0.4500223994255066,0.1942799985408783,0.3155980706214905,0.1379638016223907,0.1888124942779541,0.4257008135318756,0.6617655158042908,0.3849849104881286,0.3350154161453247,0.3550949990749359,0.1115626096725463,0.3254899978637695,-0.0914286971092224,0.5246764421463013,0.7186181545257568,0.526351809501648,0.4261324107646942,0.5204358100891113,0.2436378896236419,0.5040415525436401,0.0692535638809204,0.625481128692627,0.8326577544212341,0.6772937774658203,0.621350884437561,0.7121049165725708,0.4799542427062988,0.7329431176185608,0.336852490901947,손 펼치기
0.4791392087936401,1.0917534828186035,0.3536601066589355,1.049574851989746,0.2550343871116638,0.9346944093704224,0.1847624033689499,0.8339066505432129,0.0945444703102111,0.7065542340278625,0.3305495977401733,0.6481316089630127,0.2605997622013092,0.4417692422866821,0.2026559561491012,0.3039293885231018,0.156954675912857,0.1760974824428558,0.4419605135917663,0.6266776919364929,0.4082986414432525,0.3402309119701385,0.3717708885669708,0.138170450925827,0.3352550268173218,-0.0619158148765563,0.5491703748703003,0.6789706945419312,0.54336017370224,0.4203737378120422,0.5183966755867004,0.2360528707504272,0.5001546144485474,0.0673955380916595,0.6472522020339966,0.778777003288269,0.6802154779434204,0.6028239130973816,0.7045770883560181,0.4680032730102539,0.7189544439315796,0.3367286920547485,손 펼치기
0.4774335622787475,1.3194886445999146,0.3433984518051147,1.1932131052017212,0.2486319839954376,0.9932975769042968,0.1814116537570953,0.8505851626396179,0.100928246974945,0.7374903559684753,0.3268831372261047,0.6947059631347656,0.252924382686615,0.4576182663440704,0.1941295862197876,0.3201731443405151,0.1374275982379913,0.1945053339004516,0.4271583259105682,0.6706679463386536,0.3894039392471313,0.3541489243507385,0.3596532642841339,0.14021897315979,0.329079806804657,-0.0526803135871887,0.5263929963111877,0.7224587798118591,0.5264326333999634,0.4268014430999756,0.517824649810791,0.2456934154033661,0.4980592131614685,0.0754832029342651,0.6272526979446411,0.8299641609191895,0.6815007925033569,0.6165441870689392,0.7151225805282593,0.4733602702617645,0.7347627878189087,0.3317003548145294,손 펼치기
0.4833654165267944,1.3365821838378906,0.3437423706054687,1.2119910717010498,0.2479831725358963,1.0053153038024902,0.1827238351106643,0.8594657182693481,0.0991238951683044,0.7465805411338806,0.3252107203006744,0.699911892414093,0.2493974864482879,0.4586225748062134,0.1883117109537124,0.3252097070217132,0.1270245611667633,0.2015846371650695,0.4245473146438598,0.6754880547523499,0.3819144666194916,0.3320015668869018,0.35247403383255,0.0975594520568847,0.3256166577339172,-0.1151662468910217,0.5228248834609985,0.7331088781356812,0.5251826643943787,0.4293408691883087,0.5172962546348572,0.2459287047386169,0.4997187256813049,0.0703738927841186,0.6246849894523621,0.849557101726532,0.6801069974899292,0.6341069936752319,0.7131490707397461,0.4906235933303833,0.7321114540100098,0.346110075712204,손 펼치기
0.4793909192085266,1.1018726825714111,0.3550417721271515,1.0613391399383545,0.2523488402366638,0.9472237825393676,0.1821510344743728,0.8469154238700867,0.0935268998146057,0.7135998010635376,0.3318829834461212,0.6660075187683105,0.2614879012107849,0.4594290554523468,0.2019389569759369,0.321035087108612,0.1547823995351791,0.1901481449604034,0.443503201007843,0.6446409225463867,0.4043475389480591,0.3628389835357666,0.3630061745643616,0.1678834855556488,0.3206673264503479,-0.0268439650535583,0.5514752864837646,0.6960207223892212,0.5406869649887085,0.4405083954334259,0.5098975300788879,0.2560224235057831,0.4872167408466339,0.0918604433536529,0.6490966081619263,0.7960478067398071,0.6787941455841064,0.6195460557937622,0.7033430337905884,0.4840724170207977,0.7197691202163696,0.3557308316230774,손 펼치기
0.4906661212444305,1.3438847064971924,0.3468021750450134,1.2109553813934326,0.2444753795862198,1.0036718845367432,0.1757592558860778,0.8566958904266357,0.0929832458496093,0.7428366541862488,0.3242136836051941,0.7013982534408569,0.2476572692394256,0.4621461033821106,0.1873005032539367,0.3293506503105163,0.1259061396121978,0.2057629227638244,0.4235211014747619,0.6775157451629639,0.3803621828556061,0.336441695690155,0.3524784445762634,0.1036450862884521,0.3269427418708801,-0.105934202671051,0.5224921703338623,0.7333901524543762,0.5209423899650574,0.4355189800262451,0.5150821805000305,0.25047168135643,0.4984982013702392,0.0732836723327636,0.6264458894729614,0.8455511927604675,0.6799417734146118,0.635124921798706,0.7149959802627563,0.4949279427528381,0.7357990741729736,0.3524982929229736,손 펼치기
0.4877674579620361,1.3681068420410156,0.3427132964134216,1.2189477682113647,0.2459567189216613,1.0078885555267334,0.1779594868421554,0.8592913150787354,0.0932388007640838,0.7491887807846069,0.3283497989177704,0.7110171914100647,0.2499121725559234,0.4776420593261719,0.189265951514244,0.3434882164001465,0.1289796233177185,0.2197205424308776,0.4273689985275268,0.6921772360801697,0.3864736258983612,0.3784744143486023,0.3537741899490356,0.1747637391090393,0.3200514614582062,-0.0079582333564758,0.5239050984382629,0.7508671879768372,0.5180294513702393,0.4518076181411743,0.5073584318161011,0.2651520669460296,0.4866106808185577,0.0870054960250854,0.6228010654449463,0.8676621913909912,0.6805224418640137,0.6606842279434204,0.7151594758033752,0.5193161964416504,0.7353799939155579,0.3760677576065063,손 펼치기
0.4929695725440979,1.089167594909668,0.3600819408893585,1.0490469932556152,0.2553489208221435,0.944447696208954,0.1829342395067215,0.8570593595504761,0.0899222791194915,0.7312999367713928,0.335979014635086,0.6625031232833862,0.2640228271484375,0.4623032212257385,0.2041388005018234,0.3280732035636902,0.152050644159317,0.20524263381958,0.4553737044334411,0.6485159397125244,0.4077664315700531,0.3751743137836456,0.3666844964027405,0.2019940614700317,0.320174902677536,0.0228973031044006,0.567120373249054,0.7015989422798157,0.5483543872833252,0.4563252031803131,0.5121719241142273,0.2698046863079071,0.4847212433815002,0.1048542857170105,0.6608248353004456,0.7983203530311584,0.6915831565856934,0.6291916370391846,0.7146521806716919,0.4964395463466644,0.7317919731140137,0.3735990226268768,손 펼치기
0.4798310101032257,1.3471060991287231,0.3375409841537475,1.2131747007369995,0.2415864467620849,1.012439250946045,0.1767068803310394,0.8662886619567871,0.0941166281700134,0.7514712810516357,0.3217881917953491,0.7168183326721191,0.2494935989379882,0.4785884022712707,0.191141277551651,0.3429049551486969,0.1321018934249878,0.2139605283737182,0.4225085973739624,0.6914247870445251,0.381461888551712,0.3623411655426025,0.3482706546783447,0.143814742565155,0.3145366907119751,-0.058076798915863,0.5229970216751099,0.7444551587104797,0.521705150604248,0.4458845853805542,0.5136087536811829,0.2646747231483459,0.4946219325065613,0.0891394615173339,0.6284410953521729,0.8553110361099243,0.6849048137664795,0.646071195602417,0.7199696898460388,0.505111575126648,0.7394813299179077,0.3619686365127563,손 펼치기
